,pdbname,model,chain,resseq,resname,aapdb,hsebup,hsebdn,hseb,aadssp,ss,rasa,aa,entropy,site,refdoi,proof,codon,uaaname,uaa,probability
221,6mh2,0,A,145.0,LYS,K,5.0,19.0,24.0,K,E,0.2780487804878049,K,0.0,K145,Predicted_records,indirect,TAG,UA50_SF5F,SF5F,0.9882306945685736
248,6mh2,0,A,145.0,LYS,K,5.0,19.0,24.0,K,E,0.2780487804878049,K,0.0,K145,Predicted_records,indirect,TAG,UA77_F4W,F4W,0.9835573480060625
260,6mh2,0,A,145.0,LYS,K,5.0,19.0,24.0,K,E,0.2780487804878049,K,0.0,K145,Predicted_records,indirect,TAG,UA89_F4AzoF,F4AzoF,0.9781646043211645
247,6mh2,0,A,145.0,LYS,K,5.0,19.0,24.0,K,E,0.2780487804878049,K,0.0,K145,Predicted_records,indirect,TAG,UA76_F4OMeY,F4OMeY,0.9686521723975102
222,6mh2,0,A,145.0,LYS,K,5.0,19.0,24.0,K,E,0.2780487804878049,K,0.0,K145,Predicted_records,indirect,TAG,UA51_CF3F,CF3F,0.9663518764748836
297,6mh2,0,A,145.0,LYS,K,5.0,19.0,24.0,K,E,0.2780487804878049,K,0.0,K145,Predicted_records,indirect,TAG,UB26_BFF,BFF,0.9645981519141442
241,6mh2,0,A,145.0,LYS,K,5.0,19.0,24.0,K,E,0.2780487804878049,K,0.0,K145,Predicted_records,indirect,TAG,UA70_F3F,F3F,0.9638932092432253
49,6mh2,0,A,107.0,LYS,K,6.0,22.0,28.0,K,-,0.1365853658536585,K,0.0,K107,Predicted_records,indirect,TAG,UA50_SF5F,SF5F,0.9619520954795776
325,6mh2,0,A,145.0,LYS,K,5.0,19.0,24.0,K,E,0.2780487804878049,K,0.0,K145,Predicted_records,indirect,TAG,UB54_OCF3Y,OCF3Y,0.955320176023662
335,6mh2,0,A,145.0,LYS,K,5.0,19.0,24.0,K,E,0.2780487804878049,K,0.0,K145,Predicted_records,indirect,TAG,UB64_F2W,F2W,0.9535832262147113
287,6mh2,0,A,145.0,LYS,K,5.0,19.0,24.0,K,E,0.2780487804878049,K,0.0,K145,Predicted_records,indirect,TAG,UB16_F3Y,F3Y,0.9521910177082287
296,6mh2,0,A,145.0,LYS,K,5.0,19.0,24.0,K,E,0.2780487804878049,K,0.0,K145,Predicted_records,indirect,TAG,UB25_FNO2F,FNO2F,0.9503962049985674
272,6mh2,0,A,145.0,LYS,K,5.0,19.0,24.0,K,E,0.2780487804878049,K,0.0,K145,Predicted_records,indirect,TAG,UB01_BPKyne,BPKyne,0.948858662910533
270,6mh2,0,A,145.0,LYS,K,5.0,19.0,24.0,K,E,0.2780487804878049,K,0.0,K145,Predicted_records,indirect,TAG,UA99_NPPY,NPPY,0.9479817547319985
76,6mh2,0,A,107.0,LYS,K,6.0,22.0,28.0,K,-,0.1365853658536585,K,0.0,K107,Predicted_records,indirect,TAG,UA77_F4W,F4W,0.947399470155483
240,6mh2,0,A,145.0,LYS,K,5.0,19.0,24.0,K,E,0.2780487804878049,K,0.0,K145,Predicted_records,indirect,TAG,UA69_F2F,F2F,0.9426037219003635
321,6mh2,0,A,145.0,LYS,K,5.0,19.0,24.0,K,E,0.2780487804878049,K,0.0,K145,Predicted_records,indirect,TAG,UB50_CF3COK,CF3COK,0.9422988875979954
259,6mh2,0,A,145.0,LYS,K,5.0,19.0,24.0,K,E,0.2780487804878049,K,0.0,K145,Predicted_records,indirect,TAG,UA88_F2AzoF,F2AzoF,0.9400693284578276
271,6mh2,0,A,145.0,LYS,K,5.0,19.0,24.0,K,E,0.2780487804878049,K,0.0,K145,Predicted_records,indirect,TAG,UB00_NBY,NBY,0.9384752581101546
88,6mh2,0,A,107.0,LYS,K,6.0,22.0,28.0,K,-,0.1365853658536585,K,0.0,K107,Predicted_records,indirect,TAG,UA89_F4AzoF,F4AzoF,0.9309801002445962
261,6mh2,0,A,145.0,LYS,K,5.0,19.0,24.0,K,E,0.2780487804878049,K,0.0,K145,Predicted_records,indirect,TAG,UA90_AcdA,AcdA,0.9286969990984766
286,6mh2,0,A,145.0,LYS,K,5.0,19.0,24.0,K,E,0.2780487804878049,K,0.0,K145,Predicted_records,indirect,TAG,UB15_F2Y,F2Y,0.9257592924583852
202,6mh2,0,A,145.0,LYS,K,5.0,19.0,24.0,K,E,0.2780487804878049,K,0.0,K145,Predicted_records,indirect,TAG,UA31_pNTF,pNTF,0.9243015328419251
291,6mh2,0,A,145.0,LYS,K,5.0,19.0,24.0,K,E,0.2780487804878049,K,0.0,K145,Predicted_records,indirect,TAG,UB20_PheF,PheF,0.9239403569117478
204,6mh2,0,A,145.0,LYS,K,5.0,19.0,24.0,K,E,0.2780487804878049,K,0.0,K145,Predicted_records,indirect,TAG,UA33_FluoW,FluoW,0.9235803416838007
219,6mh2,0,A,145.0,LYS,K,5.0,19.0,24.0,K,E,0.2780487804878049,K,0.0,K145,Predicted_records,indirect,TAG,UA48_tmdF,tmdF,0.9222898475692501
309,6mh2,0,A,145.0,LYS,K,5.0,19.0,24.0,K,E,0.2780487804878049,K,0.0,K145,Predicted_records,indirect,TAG,UB38_Br2Y,Br2Y,0.9208347093942818
229,6mh2,0,A,145.0,LYS,K,5.0,19.0,24.0,K,E,0.2780487804878049,K,0.0,K145,Predicted_records,indirect,TAG,UA58_FSY,FSY,0.9207148222837466
318,6mh2,0,A,145.0,LYS,K,5.0,19.0,24.0,K,E,0.2780487804878049,K,0.0,K145,Predicted_records,indirect,TAG,UB47_oNiF,oNiF,0.9198693742461144
336,6mh2,0,A,145.0,LYS,K,5.0,19.0,24.0,K,E,0.2780487804878049,K,0.0,K145,Predicted_records,indirect,TAG,UB65_pCF,pCF,0.9192137374352721
303,6mh2,0,A,145.0,LYS,K,5.0,19.0,24.0,K,E,0.2780487804878049,K,0.0,K145,Predicted_records,indirect,TAG,UB32_pCmF,pCmF,0.9172860774623174
305,6mh2,0,A,145.0,LYS,K,5.0,19.0,24.0,K,E,0.2780487804878049,K,0.0,K145,Predicted_records,indirect,TAG,UB34_BrbF,BrbF,0.9157467259529442
320,6mh2,0,A,145.0,LYS,K,5.0,19.0,24.0,K,E,0.2780487804878049,K,0.0,K145,Predicted_records,indirect,TAG,UB49_pmmfF,pmmfF,0.9153757636854387
246,6mh2,0,A,145.0,LYS,K,5.0,19.0,24.0,K,E,0.2780487804878049,K,0.0,K145,Predicted_records,indirect,TAG,UA75_F2OMeY,F2OMeY,0.9143853084142579
311,6mh2,0,A,145.0,LYS,K,5.0,19.0,24.0,K,E,0.2780487804878049,K,0.0,K145,Predicted_records,indirect,TAG,UB40_pETF,pETF,0.9135260285235572
236,6mh2,0,A,145.0,LYS,K,5.0,19.0,24.0,K,E,0.2780487804878049,K,0.0,K145,Predicted_records,indirect,TAG,UA65_iodoF,iodoF,0.9090143088059996
230,6mh2,0,A,145.0,LYS,K,5.0,19.0,24.0,K,E,0.2780487804878049,K,0.0,K145,Predicted_records,indirect,TAG,UA59_Cl2Y,Cl2Y,0.9082585026643015
213,6mh2,0,A,145.0,LYS,K,5.0,19.0,24.0,K,E,0.2780487804878049,K,0.0,K145,Predicted_records,indirect,TAG,UA42_pBpF,pBpF,0.9074971297879045
239,6mh2,0,A,145.0,LYS,K,5.0,19.0,24.0,K,E,0.2780487804878049,K,0.0,K145,Predicted_records,indirect,TAG,UA68_F1F,F1F,0.9068558990547799
243,6mh2,0,A,145.0,LYS,K,5.0,19.0,24.0,K,E,0.2780487804878049,K,0.0,K145,Predicted_records,indirect,TAG,UA72_pBrF,pBrF,0.903876270765243
75,6mh2,0,A,107.0,LYS,K,6.0,22.0,28.0,K,-,0.1365853658536585,K,0.0,K107,Predicted_records,indirect,TAG,UA76_F4OMeY,F4OMeY,0.9029515014260053
322,6mh2,0,A,145.0,LYS,K,5.0,19.0,24.0,K,E,0.2780487804878049,K,0.0,K145,Predicted_records,indirect,TAG,UB51_NapA,NapA,0.9025422924437942
269,6mh2,0,A,145.0,LYS,K,5.0,19.0,24.0,K,E,0.2780487804878049,K,0.0,K145,Predicted_records,indirect,TAG,UA98_MNPY,MNPY,0.9019478017813395
210,6mh2,0,A,145.0,LYS,K,5.0,19.0,24.0,K,E,0.2780487804878049,K,0.0,K145,Predicted_records,indirect,TAG,UA39_SeF,SeF,0.899774577711221
304,6mh2,0,A,145.0,LYS,K,5.0,19.0,24.0,K,E,0.2780487804878049,K,0.0,K145,Predicted_records,indirect,TAG,UB33_3NO2Y,3NO2Y,0.8997271744149641
223,6mh2,0,A,145.0,LYS,K,5.0,19.0,24.0,K,E,0.2780487804878049,K,0.0,K145,Predicted_records,indirect,TAG,UA52_ClF,ClF,0.8966423801563682
50,6mh2,0,A,107.0,LYS,K,6.0,22.0,28.0,K,-,0.1365853658536585,K,0.0,K107,Predicted_records,indirect,TAG,UA51_CF3F,CF3F,0.896346004822776
278,6mh2,0,A,145.0,LYS,K,5.0,19.0,24.0,K,E,0.2780487804878049,K,0.0,K145,Predicted_records,indirect,TAG,UB07_adonY,adonY,0.8956358508760031
251,6mh2,0,A,145.0,LYS,K,5.0,19.0,24.0,K,E,0.2780487804878049,K,0.0,K145,Predicted_records,indirect,TAG,UA80_PSeC,PSeC,0.8950310266550877
337,6mh2,0,A,145.0,LYS,K,5.0,19.0,24.0,K,E,0.2780487804878049,K,0.0,K145,Predicted_records,indirect,TAG,UB66_pIF,pIF,0.894252788208176
281,6mh2,0,A,145.0,LYS,K,5.0,19.0,24.0,K,E,0.2780487804878049,K,0.0,K145,Predicted_records,indirect,TAG,UB10_pTmdZLys,pTmdZLys,0.8914107167949631
125,6mh2,0,A,107.0,LYS,K,6.0,22.0,28.0,K,-,0.1365853658536585,K,0.0,K107,Predicted_records,indirect,TAG,UB26_BFF,BFF,0.8913538242356712
172,6mh2,0,A,145.0,LYS,K,5.0,19.0,24.0,K,E,0.2780487804878049,K,0.0,K145,Predicted_records,indirect,TAG,UA01_Anap,Anap,0.8905049936787328
69,6mh2,0,A,107.0,LYS,K,6.0,22.0,28.0,K,-,0.1365853658536585,K,0.0,K107,Predicted_records,indirect,TAG,UA70_F3F,F3F,0.8893576894934853
324,6mh2,0,A,145.0,LYS,K,5.0,19.0,24.0,K,E,0.2780487804878049,K,0.0,K145,Predicted_records,indirect,TAG,UB53_ONBK,ONBK,0.8883643869977615
282,6mh2,0,A,145.0,LYS,K,5.0,19.0,24.0,K,E,0.2780487804878049,K,0.0,K145,Predicted_records,indirect,TAG,UB11_mTmdZLys,mTmdZLys,0.886648381419443
268,6mh2,0,A,145.0,LYS,K,5.0,19.0,24.0,K,E,0.2780487804878049,K,0.0,K145,Predicted_records,indirect,TAG,UA97_NPY,NPY,0.8846994470864322
327,6mh2,0,A,145.0,LYS,K,5.0,19.0,24.0,K,E,0.2780487804878049,K,0.0,K145,Predicted_records,indirect,TAG,UB56_NapY,NapY,0.8808844401087231
217,6mh2,0,A,145.0,LYS,K,5.0,19.0,24.0,K,E,0.2780487804878049,K,0.0,K145,Predicted_records,indirect,TAG,UA46_iodoY,iodoY,0.8788423247153987
174,6mh2,0,A,145.0,LYS,K,5.0,19.0,24.0,K,E,0.2780487804878049,K,0.0,K145,Predicted_records,indirect,TAG,UA03_DansylA,DansylA,0.8786642368660585
283,6mh2,0,A,145.0,LYS,K,5.0,19.0,24.0,K,E,0.2780487804878049,K,0.0,K145,Predicted_records,indirect,TAG,UB12_IndA,IndA,0.8781346203523154
308,6mh2,0,A,145.0,LYS,K,5.0,19.0,24.0,K,E,0.2780487804878049,K,0.0,K145,Predicted_records,indirect,TAG,UB37_3FY,3FY,0.8760657450139181
242,6mh2,0,A,145.0,LYS,K,5.0,19.0,24.0,K,E,0.2780487804878049,K,0.0,K145,Predicted_records,indirect,TAG,UA71_pMeF,pMeF,0.8747091389449582
207,6mh2,0,A,145.0,LYS,K,5.0,19.0,24.0,K,E,0.2780487804878049,K,0.0,K145,Predicted_records,indirect,TAG,UA36_3BrY,3BrY,0.8722399202978303
284,6mh2,0,A,145.0,LYS,K,5.0,19.0,24.0,K,E,0.2780487804878049,K,0.0,K145,Predicted_records,indirect,TAG,UB13_CHA,CHA,0.8703603855462588
191,6mh2,0,A,145.0,LYS,K,5.0,19.0,24.0,K,E,0.2780487804878049,K,0.0,K145,Predicted_records,indirect,TAG,UA20_HPG,HPG,0.8674225781323576
200,6mh2,0,A,145.0,LYS,K,5.0,19.0,24.0,K,E,0.2780487804878049,K,0.0,K145,Predicted_records,indirect,TAG,UA29_pAMF,pAMF,0.8668489432461728
153,6mh2,0,A,107.0,LYS,K,6.0,22.0,28.0,K,-,0.1365853658536585,K,0.0,K107,Predicted_records,indirect,TAG,UB54_OCF3Y,OCF3Y,0.8655557178486308
208,6mh2,0,A,145.0,LYS,K,5.0,19.0,24.0,K,E,0.2780487804878049,K,0.0,K145,Predicted_records,indirect,TAG,UA37_3ClY,3ClY,0.8629861004922884
342,6mh2,0,A,145.0,LYS,K,5.0,19.0,24.0,K,E,0.2780487804878049,K,0.0,K145,Predicted_records,indirect,TAG,UB71_O3tBuY,O3tBuY,0.8621370790929822
188,6mh2,0,A,145.0,LYS,K,5.0,19.0,24.0,K,E,0.2780487804878049,K,0.0,K145,Predicted_records,indirect,TAG,UA17_COY,COY,0.8619587790922875
212,6mh2,0,A,145.0,LYS,K,5.0,19.0,24.0,K,E,0.2780487804878049,K,0.0,K145,Predicted_records,indirect,TAG,UA41_pPaF,pPaF,0.8613308212960283
289,6mh2,0,A,145.0,LYS,K,5.0,19.0,24.0,K,E,0.2780487804878049,K,0.0,K145,Predicted_records,indirect,TAG,UB18_AcrF,AcrF,0.8613275195361536
163,6mh2,0,A,107.0,LYS,K,6.0,22.0,28.0,K,-,0.1365853658536585,K,0.0,K107,Predicted_records,indirect,TAG,UB64_F2W,F2W,0.860837470419814
225,6mh2,0,A,145.0,LYS,K,5.0,19.0,24.0,K,E,0.2780487804878049,K,0.0,K145,Predicted_records,indirect,TAG,UA54_ThY,ThY,0.8591365860113084
245,6mh2,0,A,145.0,LYS,K,5.0,19.0,24.0,K,E,0.2780487804878049,K,0.0,K145,Predicted_records,indirect,TAG,UA74_F1OMeY,F1OMeY,0.8583631984730301
115,6mh2,0,A,107.0,LYS,K,6.0,22.0,28.0,K,-,0.1365853658536585,K,0.0,K107,Predicted_records,indirect,TAG,UB16_F3Y,F3Y,0.8570804017737507
326,6mh2,0,A,145.0,LYS,K,5.0,19.0,24.0,K,E,0.2780487804878049,K,0.0,K145,Predicted_records,indirect,TAG,UB55_NMeF,NMeF,0.8547497822334007
180,6mh2,0,A,145.0,LYS,K,5.0,19.0,24.0,K,E,0.2780487804878049,K,0.0,K145,Predicted_records,indirect,TAG,UA09_BCNK,BCNK,0.8543788746813695
238,6mh2,0,A,145.0,LYS,K,5.0,19.0,24.0,K,E,0.2780487804878049,K,0.0,K145,Predicted_records,indirect,TAG,UA67_BNW,BNW,0.8533580842576873
124,6mh2,0,A,107.0,LYS,K,6.0,22.0,28.0,K,-,0.1365853658536585,K,0.0,K107,Predicted_records,indirect,TAG,UB25_FNO2F,FNO2F,0.8522689801878469
186,6mh2,0,A,145.0,LYS,K,5.0,19.0,24.0,K,E,0.2780487804878049,K,0.0,K145,Predicted_records,indirect,TAG,UA15_SCOK,SCOK,0.8517612143298092
179,6mh2,0,A,145.0,LYS,K,5.0,19.0,24.0,K,E,0.2780487804878049,K,0.0,K145,Predicted_records,indirect,TAG,UA08_CoK,CoK,0.8516121994241107
285,6mh2,0,A,145.0,LYS,K,5.0,19.0,24.0,K,E,0.2780487804878049,K,0.0,K145,Predicted_records,indirect,TAG,UB14_Lyk,Lyk,0.8505810976458046
252,6mh2,0,A,145.0,LYS,K,5.0,19.0,24.0,K,E,0.2780487804878049,K,0.0,K145,Predicted_records,indirect,TAG,UA81_5HTPW,5HTPW,0.8497695144926409
189,6mh2,0,A,145.0,LYS,K,5.0,19.0,24.0,K,E,0.2780487804878049,K,0.0,K145,Predicted_records,indirect,TAG,UA18_DS12,DS12,0.8485809264245702
226,6mh2,0,A,145.0,LYS,K,5.0,19.0,24.0,K,E,0.2780487804878049,K,0.0,K145,Predicted_records,indirect,TAG,UA55_AzoF,AzoF,0.8483602902910544
100,6mh2,0,A,107.0,LYS,K,6.0,22.0,28.0,K,-,0.1365853658536585,K,0.0,K107,Predicted_records,indirect,TAG,UB01_BPKyne,BPKyne,0.848175731608843
197,6mh2,0,A,145.0,LYS,K,5.0,19.0,24.0,K,E,0.2780487804878049,K,0.0,K145,Predicted_records,indirect,TAG,UA26_TAcK,TAcK,0.8479356800462151
292,6mh2,0,A,145.0,LYS,K,5.0,19.0,24.0,K,E,0.2780487804878049,K,0.0,K145,Predicted_records,indirect,TAG,UB21_OtBuY,OtBuY,0.8476354241516953
98,6mh2,0,A,107.0,LYS,K,6.0,22.0,28.0,K,-,0.1365853658536585,K,0.0,K107,Predicted_records,indirect,TAG,UA99_NPPY,NPPY,0.8458528979959404
312,6mh2,0,A,145.0,LYS,K,5.0,19.0,24.0,K,E,0.2780487804878049,K,0.0,K145,Predicted_records,indirect,TAG,UB41_McoAA,McoAA,0.8444916437471603
232,6mh2,0,A,145.0,LYS,K,5.0,19.0,24.0,K,E,0.2780487804878049,K,0.0,K145,Predicted_records,indirect,TAG,UA61_TCFP,TCFP,0.8435972894390267
295,6mh2,0,A,145.0,LYS,K,5.0,19.0,24.0,K,E,0.2780487804878049,K,0.0,K145,Predicted_records,indirect,TAG,UB24_sTyr,sTyr,0.8414755490202606
310,6mh2,0,A,145.0,LYS,K,5.0,19.0,24.0,K,E,0.2780487804878049,K,0.0,K145,Predicted_records,indirect,TAG,UB39_3VY,3VY,0.8412577052132783
181,6mh2,0,A,145.0,LYS,K,5.0,19.0,24.0,K,E,0.2780487804878049,K,0.0,K145,Predicted_records,indirect,TAG,UA10_2TCOK,2TCOK,0.840829290377172
182,6mh2,0,A,145.0,LYS,K,5.0,19.0,24.0,K,E,0.2780487804878049,K,0.0,K145,Predicted_records,indirect,TAG,UA11_4TCOK,4TCOK,0.8406713419212307
233,6mh2,0,A,145.0,LYS,K,5.0,19.0,24.0,K,E,0.2780487804878049,K,0.0,K145,Predicted_records,indirect,TAG,UA62_PiP,PiP,0.8357503552508916
262,6mh2,0,A,145.0,LYS,K,5.0,19.0,24.0,K,E,0.2780487804878049,K,0.0,K145,Predicted_records,indirect,TAG,UA91_StyrK,StyrK,0.8350770697987427
201,6mh2,0,A,145.0,LYS,K,5.0,19.0,24.0,K,E,0.2780487804878049,K,0.0,K145,Predicted_records,indirect,TAG,UA30_pCNF,pCNF,0.8341321083697776
263,6mh2,0,A,145.0,LYS,K,5.0,19.0,24.0,K,E,0.2780487804878049,K,0.0,K145,Predicted_records,indirect,TAG,UA92_MtY,MtY,0.8337067545503318
218,6mh2,0,A,145.0,LYS,K,5.0,19.0,24.0,K,E,0.2780487804878049,K,0.0,K145,Predicted_records,indirect,TAG,UA47_pAzF,pAzF,0.8327067232109431
194,6mh2,0,A,145.0,LYS,K,5.0,19.0,24.0,K,E,0.2780487804878049,K,0.0,K145,Predicted_records,indirect,TAG,UA23_pAcF,pAcF,0.8321079905980429
68,6mh2,0,A,107.0,LYS,K,6.0,22.0,28.0,K,-,0.1365853658536585,K,0.0,K107,Predicted_records,indirect,TAG,UA69_F2F,F2F,0.831789591345124
149,6mh2,0,A,107.0,LYS,K,6.0,22.0,28.0,K,-,0.1365853658536585,K,0.0,K107,Predicted_records,indirect,TAG,UB50_CF3COK,CF3COK,0.8310017364762656
87,6mh2,0,A,107.0,LYS,K,6.0,22.0,28.0,K,-,0.1365853658536585,K,0.0,K107,Predicted_records,indirect,TAG,UA88_F2AzoF,F2AzoF,0.8252691216096565
280,6mh2,0,A,145.0,LYS,K,5.0,19.0,24.0,K,E,0.2780487804878049,K,0.0,K145,Predicted_records,indirect,TAG,UB09_AminoY,AminoY,0.8251823678407987
211,6mh2,0,A,145.0,LYS,K,5.0,19.0,24.0,K,E,0.2780487804878049,K,0.0,K145,Predicted_records,indirect,TAG,UA40_SeC,SeC,0.8251187039088406
99,6mh2,0,A,107.0,LYS,K,6.0,22.0,28.0,K,-,0.1365853658536585,K,0.0,K107,Predicted_records,indirect,TAG,UB00_NBY,NBY,0.8212022980769899
301,6mh2,0,A,145.0,LYS,K,5.0,19.0,24.0,K,E,0.2780487804878049,K,0.0,K145,Predicted_records,indirect,TAG,UB30_PCK,PCK,0.8206869916000186
279,6mh2,0,A,145.0,LYS,K,5.0,19.0,24.0,K,E,0.2780487804878049,K,0.0,K145,Predicted_records,indirect,TAG,UB08_pAzmF,pAzmF,0.817764230395104
332,6mh2,0,A,145.0,LYS,K,5.0,19.0,24.0,K,E,0.2780487804878049,K,0.0,K145,Predicted_records,indirect,TAG,UB61_BzFurA,BzFurA,0.815838941081273
290,6mh2,0,A,145.0,LYS,K,5.0,19.0,24.0,K,E,0.2780487804878049,K,0.0,K145,Predicted_records,indirect,TAG,UB19_OallylY,OallylY,0.8101461460578542
331,6mh2,0,A,145.0,LYS,K,5.0,19.0,24.0,K,E,0.2780487804878049,K,0.0,K145,Predicted_records,indirect,TAG,UB60_norY,norY,0.8074578305293911
184,6mh2,0,A,145.0,LYS,K,5.0,19.0,24.0,K,E,0.2780487804878049,K,0.0,K145,Predicted_records,indirect,TAG,UA13_CbK,CbK,0.8046696137386747
178,6mh2,0,A,145.0,LYS,K,5.0,19.0,24.0,K,E,0.2780487804878049,K,0.0,K145,Predicted_records,indirect,TAG,UA07_AcrK,AcrK,0.8025102730365882
209,6mh2,0,A,145.0,LYS,K,5.0,19.0,24.0,K,E,0.2780487804878049,K,0.0,K145,Predicted_records,indirect,TAG,UA38_LysZ,LysZ,0.8019258866639861
341,6mh2,0,A,145.0,LYS,K,5.0,19.0,24.0,K,E,0.2780487804878049,K,0.0,K145,Predicted_records,indirect,TAG,UB70_O5QY,O5QY,0.8000027157292948
300,6mh2,0,A,145.0,LYS,K,5.0,19.0,24.0,K,E,0.2780487804878049,K,0.0,K145,Predicted_records,indirect,TAG,UB29_ePyl,ePyl,0.7999087407226926
307,6mh2,0,A,145.0,LYS,K,5.0,19.0,24.0,K,E,0.2780487804878049,K,0.0,K145,Predicted_records,indirect,TAG,UB36_CpA,CpA,0.7978599025042367
256,6mh2,0,A,145.0,LYS,K,5.0,19.0,24.0,K,E,0.2780487804878049,K,0.0,K145,Predicted_records,indirect,TAG,UA85_3MeP,3MeP,0.7969392940183672
89,6mh2,0,A,107.0,LYS,K,6.0,22.0,28.0,K,-,0.1365853658536585,K,0.0,K107,Predicted_records,indirect,TAG,UA90_AcdA,AcdA,0.7968208053091325
187,6mh2,0,A,145.0,LYS,K,5.0,19.0,24.0,K,E,0.2780487804878049,K,0.0,K145,Predicted_records,indirect,TAG,UA16_NOR,NOR,0.7953132858422309
244,6mh2,0,A,145.0,LYS,K,5.0,19.0,24.0,K,E,0.2780487804878049,K,0.0,K145,Predicted_records,indirect,TAG,UA73_OMeY,OMeY,0.7951789363632279
199,6mh2,0,A,145.0,LYS,K,5.0,19.0,24.0,K,E,0.2780487804878049,K,0.0,K145,Predicted_records,indirect,TAG,UA28_PCC,PCC,0.7941226933933827
216,6mh2,0,A,145.0,LYS,K,5.0,19.0,24.0,K,E,0.2780487804878049,K,0.0,K145,Predicted_records,indirect,TAG,UA45_bmK,bmK,0.793974607125341
340,6mh2,0,A,145.0,LYS,K,5.0,19.0,24.0,K,E,0.2780487804878049,K,0.0,K145,Predicted_records,indirect,TAG,UB69_O4QY,O4QY,0.7935107389808238
206,6mh2,0,A,145.0,LYS,K,5.0,19.0,24.0,K,E,0.2780487804878049,K,0.0,K145,Predicted_records,indirect,TAG,UA35_HQA,HQA,0.7934839277900295
198,6mh2,0,A,145.0,LYS,K,5.0,19.0,24.0,K,E,0.2780487804878049,K,0.0,K145,Predicted_records,indirect,TAG,UA27_ProK,ProK,0.7926133783814249
257,6mh2,0,A,145.0,LYS,K,5.0,19.0,24.0,K,E,0.2780487804878049,K,0.0,K145,Predicted_records,indirect,TAG,UA86_nMeL,nMeL,0.7925058878835939
317,6mh2,0,A,145.0,LYS,K,5.0,19.0,24.0,K,E,0.2780487804878049,K,0.0,K145,Predicted_records,indirect,TAG,UB46_pBoF,pBoF,0.7922503530807538
176,6mh2,0,A,145.0,LYS,K,5.0,19.0,24.0,K,E,0.2780487804878049,K,0.0,K145,Predicted_records,indirect,TAG,UA05_PrK,PrK,0.790735526360148
114,6mh2,0,A,107.0,LYS,K,6.0,22.0,28.0,K,-,0.1365853658536585,K,0.0,K107,Predicted_records,indirect,TAG,UB15_F2Y,F2Y,0.7896802327243355
328,6mh2,0,A,145.0,LYS,K,5.0,19.0,24.0,K,E,0.2780487804878049,K,0.0,K145,Predicted_records,indirect,TAG,UB57_pDkF,pDkF,0.7892022881285644
196,6mh2,0,A,145.0,LYS,K,5.0,19.0,24.0,K,E,0.2780487804878049,K,0.0,K145,Predicted_records,indirect,TAG,UA25_AcK,AcK,0.7880193436774243
234,6mh2,0,A,145.0,LYS,K,5.0,19.0,24.0,K,E,0.2780487804878049,K,0.0,K145,Predicted_records,indirect,TAG,UA63_2MeP,2MeP,0.7879235318936537
275,6mh2,0,A,145.0,LYS,K,5.0,19.0,24.0,K,E,0.2780487804878049,K,0.0,K145,Predicted_records,indirect,TAG,UB04_ThyA,ThyA,0.7865151608129717
30,6mh2,0,A,107.0,LYS,K,6.0,22.0,28.0,K,-,0.1365853658536585,K,0.0,K107,Predicted_records,indirect,TAG,UA31_pNTF,pNTF,0.7861676593393634
203,6mh2,0,A,145.0,LYS,K,5.0,19.0,24.0,K,E,0.2780487804878049,K,0.0,K145,Predicted_records,indirect,TAG,UA32_N3Y,N3Y,0.7854457924370981
298,6mh2,0,A,145.0,LYS,K,5.0,19.0,24.0,K,E,0.2780487804878049,K,0.0,K145,Predicted_records,indirect,TAG,UB27_CitR,CitR,0.7854456122279087
338,6mh2,0,A,145.0,LYS,K,5.0,19.0,24.0,K,E,0.2780487804878049,K,0.0,K145,Predicted_records,indirect,TAG,UB67_O2QY,O2QY,0.7853932060193882
119,6mh2,0,A,107.0,LYS,K,6.0,22.0,28.0,K,-,0.1365853658536585,K,0.0,K107,Predicted_records,indirect,TAG,UB20_PheF,PheF,0.785300503718949
32,6mh2,0,A,107.0,LYS,K,6.0,22.0,28.0,K,-,0.1365853658536585,K,0.0,K107,Predicted_records,indirect,TAG,UA33_FluoW,FluoW,0.7844373637962776
224,6mh2,0,A,145.0,LYS,K,5.0,19.0,24.0,K,E,0.2780487804878049,K,0.0,K145,Predicted_records,indirect,TAG,UA53_NbK,NbK,0.7825412316786048
339,6mh2,0,A,145.0,LYS,K,5.0,19.0,24.0,K,E,0.2780487804878049,K,0.0,K145,Predicted_records,indirect,TAG,UB68_O3QY,O3QY,0.7819627477690548
294,6mh2,0,A,145.0,LYS,K,5.0,19.0,24.0,K,E,0.2780487804878049,K,0.0,K145,Predicted_records,indirect,TAG,UB23_ForK,ForK,0.7817290622348357
47,6mh2,0,A,107.0,LYS,K,6.0,22.0,28.0,K,-,0.1365853658536585,K,0.0,K107,Predicted_records,indirect,TAG,UA48_tmdF,tmdF,0.7813534337388667
173,6mh2,0,A,145.0,LYS,K,5.0,19.0,24.0,K,E,0.2780487804878049,K,0.0,K145,Predicted_records,indirect,TAG,UA02_CouAA,CouAA,0.7799489296148124
185,6mh2,0,A,145.0,LYS,K,5.0,19.0,24.0,K,E,0.2780487804878049,K,0.0,K145,Predicted_records,indirect,TAG,UA14_NBOK,NBOK,0.7785618513158095
137,6mh2,0,A,107.0,LYS,K,6.0,22.0,28.0,K,-,0.1365853658536585,K,0.0,K107,Predicted_records,indirect,TAG,UB38_Br2Y,Br2Y,0.7778947702787556
57,6mh2,0,A,107.0,LYS,K,6.0,22.0,28.0,K,-,0.1365853658536585,K,0.0,K107,Predicted_records,indirect,TAG,UA58_FSY,FSY,0.777610694923984
323,6mh2,0,A,145.0,LYS,K,5.0,19.0,24.0,K,E,0.2780487804878049,K,0.0,K145,Predicted_records,indirect,TAG,UB52_CycK,CycK,0.7767552280181986
175,6mh2,0,A,145.0,LYS,K,5.0,19.0,24.0,K,E,0.2780487804878049,K,0.0,K145,Predicted_records,indirect,TAG,UA04_PABK,PABK,0.7763135699256465
195,6mh2,0,A,145.0,LYS,K,5.0,19.0,24.0,K,E,0.2780487804878049,K,0.0,K145,Predicted_records,indirect,TAG,UA24_eBK,eBK,0.7757003193415064
146,6mh2,0,A,107.0,LYS,K,6.0,22.0,28.0,K,-,0.1365853658536585,K,0.0,K107,Predicted_records,indirect,TAG,UB47_oNiF,oNiF,0.7756111705174421
164,6mh2,0,A,107.0,LYS,K,6.0,22.0,28.0,K,-,0.1365853658536585,K,0.0,K107,Predicted_records,indirect,TAG,UB65_pCF,pCF,0.7740651081349684
131,6mh2,0,A,107.0,LYS,K,6.0,22.0,28.0,K,-,0.1365853658536585,K,0.0,K107,Predicted_records,indirect,TAG,UB32_pCmF,pCmF,0.7695423440123784
214,6mh2,0,A,145.0,LYS,K,5.0,19.0,24.0,K,E,0.2780487804878049,K,0.0,K145,Predicted_records,indirect,TAG,UA43_DOPA,DOPA,0.7686207717959985
192,6mh2,0,A,145.0,LYS,K,5.0,19.0,24.0,K,E,0.2780487804878049,K,0.0,K145,Predicted_records,indirect,TAG,UA21_ANL,ANL,0.7676472500763327
133,6mh2,0,A,107.0,LYS,K,6.0,22.0,28.0,K,-,0.1365853658536585,K,0.0,K107,Predicted_records,indirect,TAG,UB34_BrbF,BrbF,0.76595495740833
148,6mh2,0,A,107.0,LYS,K,6.0,22.0,28.0,K,-,0.1365853658536585,K,0.0,K107,Predicted_records,indirect,TAG,UB49_pmmfF,pmmfF,0.7650936511825835
74,6mh2,0,A,107.0,LYS,K,6.0,22.0,28.0,K,-,0.1365853658536585,K,0.0,K107,Predicted_records,indirect,TAG,UA75_F2OMeY,F2OMeY,0.762800058270688
253,6mh2,0,A,145.0,LYS,K,5.0,19.0,24.0,K,E,0.2780487804878049,K,0.0,K145,Predicted_records,indirect,TAG,UA82_Aze,Aze,0.7625576555538065
139,6mh2,0,A,107.0,LYS,K,6.0,22.0,28.0,K,-,0.1365853658536585,K,0.0,K107,Predicted_records,indirect,TAG,UB40_pETF,pETF,0.7608173427439167
334,6mh2,0,A,145.0,LYS,K,5.0,19.0,24.0,K,E,0.2780487804878049,K,0.0,K145,Predicted_records,indirect,TAG,UB63_hGln,hGln,0.760698662009119
205,6mh2,0,A,145.0,LYS,K,5.0,19.0,24.0,K,E,0.2780487804878049,K,0.0,K145,Predicted_records,indirect,TAG,UA34_BPA,BPA,0.76035670425812
274,6mh2,0,A,145.0,LYS,K,5.0,19.0,24.0,K,E,0.2780487804878049,K,0.0,K145,Predicted_records,indirect,TAG,UB03_UraA,UraA,0.7549229761976445
306,6mh2,0,A,145.0,LYS,K,5.0,19.0,24.0,K,E,0.2780487804878049,K,0.0,K145,Predicted_records,indirect,TAG,UB35_dmnC,dmnC,0.75155417808529
316,6mh2,0,A,145.0,LYS,K,5.0,19.0,24.0,K,E,0.2780487804878049,K,0.0,K145,Predicted_records,indirect,TAG,UB45_PLA,PLA,0.7513216164884627
64,6mh2,0,A,107.0,LYS,K,6.0,22.0,28.0,K,-,0.1365853658536585,K,0.0,K107,Predicted_records,indirect,TAG,UA65_iodoF,iodoF,0.7505140860120442
58,6mh2,0,A,107.0,LYS,K,6.0,22.0,28.0,K,-,0.1365853658536585,K,0.0,K107,Predicted_records,indirect,TAG,UA59_Cl2Y,Cl2Y,0.7488054762316564
41,6mh2,0,A,107.0,LYS,K,6.0,22.0,28.0,K,-,0.1365853658536585,K,0.0,K107,Predicted_records,indirect,TAG,UA42_pBpF,pBpF,0.7470892719376523
67,6mh2,0,A,107.0,LYS,K,6.0,22.0,28.0,K,-,0.1365853658536585,K,0.0,K107,Predicted_records,indirect,TAG,UA68_F1F,F1F,0.7456477481916557
288,6mh2,0,A,145.0,LYS,K,5.0,19.0,24.0,K,E,0.2780487804878049,K,0.0,K145,Predicted_records,indirect,TAG,UB17_3OMeY,3OMeY,0.7393693794880705
71,6mh2,0,A,107.0,LYS,K,6.0,22.0,28.0,K,-,0.1365853658536585,K,0.0,K107,Predicted_records,indirect,TAG,UA72_pBrF,pBrF,0.7389953985123267
249,6mh2,0,A,145.0,LYS,K,5.0,19.0,24.0,K,E,0.2780487804878049,K,0.0,K145,Predicted_records,indirect,TAG,UA78_Lah,Lah,0.7372703035893369
150,6mh2,0,A,107.0,LYS,K,6.0,22.0,28.0,K,-,0.1365853658536585,K,0.0,K107,Predicted_records,indirect,TAG,UB51_NapA,NapA,0.7360414627790416
97,6mh2,0,A,107.0,LYS,K,6.0,22.0,28.0,K,-,0.1365853658536585,K,0.0,K107,Predicted_records,indirect,TAG,UA98_MNPY,MNPY,0.7347298343243601
255,6mh2,0,A,145.0,LYS,K,5.0,19.0,24.0,K,E,0.2780487804878049,K,0.0,K145,Predicted_records,indirect,TAG,UA84_nMeA,nMeA,0.7341236028788483
38,6mh2,0,A,107.0,LYS,K,6.0,22.0,28.0,K,-,0.1365853658536585,K,0.0,K107,Predicted_records,indirect,TAG,UA39_SeF,SeF,0.7299600258577671
177,6mh2,0,A,145.0,LYS,K,5.0,19.0,24.0,K,E,0.2780487804878049,K,0.0,K145,Predicted_records,indirect,TAG,UA06_CpK,CpK,0.7298904059904511
132,6mh2,0,A,107.0,LYS,K,6.0,22.0,28.0,K,-,0.1365853658536585,K,0.0,K107,Predicted_records,indirect,TAG,UB33_3NO2Y,3NO2Y,0.7298564197640484
235,6mh2,0,A,145.0,LYS,K,5.0,19.0,24.0,K,E,0.2780487804878049,K,0.0,K145,Predicted_records,indirect,TAG,UA64_Pyl,Pyl,0.726065437678057
273,6mh2,0,A,145.0,LYS,K,5.0,19.0,24.0,K,E,0.2780487804878049,K,0.0,K145,Predicted_records,indirect,TAG,UB02_CytA,CytA,0.7259533475423341
51,6mh2,0,A,107.0,LYS,K,6.0,22.0,28.0,K,-,0.1365853658536585,K,0.0,K107,Predicted_records,indirect,TAG,UA52_ClF,ClF,0.7231537322596467
237,6mh2,0,A,145.0,LYS,K,5.0,19.0,24.0,K,E,0.2780487804878049,K,0.0,K145,Predicted_records,indirect,TAG,UA66_peocK,peocK,0.721622654564348
106,6mh2,0,A,107.0,LYS,K,6.0,22.0,28.0,K,-,0.1365853658536585,K,0.0,K107,Predicted_records,indirect,TAG,UB07_adonY,adonY,0.7209834490409791
228,6mh2,0,A,145.0,LYS,K,5.0,19.0,24.0,K,E,0.2780487804878049,K,0.0,K145,Predicted_records,indirect,TAG,UA57_ThrK,ThrK,0.7208956032260658
79,6mh2,0,A,107.0,LYS,K,6.0,22.0,28.0,K,-,0.1365853658536585,K,0.0,K107,Predicted_records,indirect,TAG,UA80_PSeC,PSeC,0.719683246213836
165,6mh2,0,A,107.0,LYS,K,6.0,22.0,28.0,K,-,0.1365853658536585,K,0.0,K107,Predicted_records,indirect,TAG,UB66_pIF,pIF,0.7180145636112475
333,6mh2,0,A,145.0,LYS,K,5.0,19.0,24.0,K,E,0.2780487804878049,K,0.0,K145,Predicted_records,indirect,TAG,UB62_BzTazA,BzTazA,0.7136814583359576
109,6mh2,0,A,107.0,LYS,K,6.0,22.0,28.0,K,-,0.1365853658536585,K,0.0,K107,Predicted_records,indirect,TAG,UB10_pTmdZLys,pTmdZLys,0.7119615530616199
0,6mh2,0,A,107.0,LYS,K,6.0,22.0,28.0,K,-,0.1365853658536585,K,0.0,K107,Predicted_records,indirect,TAG,UA01_Anap,Anap,0.7100459345186888
190,6mh2,0,A,145.0,LYS,K,5.0,19.0,24.0,K,E,0.2780487804878049,K,0.0,K145,Predicted_records,indirect,TAG,UA19_AHA,AHA,0.707094990038591
315,6mh2,0,A,145.0,LYS,K,5.0,19.0,24.0,K,E,0.2780487804878049,K,0.0,K145,Predicted_records,indirect,TAG,UB44_ACPK,ACPK,0.7056997176508962
152,6mh2,0,A,107.0,LYS,K,6.0,22.0,28.0,K,-,0.1365853658536585,K,0.0,K107,Predicted_records,indirect,TAG,UB53_ONBK,ONBK,0.7055439427813173
313,6mh2,0,A,145.0,LYS,K,5.0,19.0,24.0,K,E,0.2780487804878049,K,0.0,K145,Predicted_records,indirect,TAG,UB42_HNV,HNV,0.7044964753102991
343,6mh2,0,A,145.0,LYS,K,5.0,19.0,24.0,K,E,0.2780487804878049,K,0.0,K145,Predicted_records,indirect,TAG,UB72_PCC3,PCC3,0.7031979258743546
302,6mh2,0,A,145.0,LYS,K,5.0,19.0,24.0,K,E,0.2780487804878049,K,0.0,K145,Predicted_records,indirect,TAG,UB31_PCHcy,PCHcy,0.7026842882984612
110,6mh2,0,A,107.0,LYS,K,6.0,22.0,28.0,K,-,0.1365853658536585,K,0.0,K107,Predicted_records,indirect,TAG,UB11_mTmdZLys,mTmdZLys,0.7019605229762068
299,6mh2,0,A,145.0,LYS,K,5.0,19.0,24.0,K,E,0.2780487804878049,K,0.0,K145,Predicted_records,indirect,TAG,UB28_dmPyl,dmPyl,0.6995461736697981
96,6mh2,0,A,107.0,LYS,K,6.0,22.0,28.0,K,-,0.1365853658536585,K,0.0,K107,Predicted_records,indirect,TAG,UA97_NPY,NPY,0.6979180053711482
227,6mh2,0,A,145.0,LYS,K,5.0,19.0,24.0,K,E,0.2780487804878049,K,0.0,K145,Predicted_records,indirect,TAG,UA56_SerK,SerK,0.6960868863663525
155,6mh2,0,A,107.0,LYS,K,6.0,22.0,28.0,K,-,0.1365853658536585,K,0.0,K107,Predicted_records,indirect,TAG,UB56_NapY,NapY,0.6900877813710707
215,6mh2,0,A,145.0,LYS,K,5.0,19.0,24.0,K,E,0.2780487804878049,K,0.0,K145,Predicted_records,indirect,TAG,UA44_ThzK,ThzK,0.6882947778702612
45,6mh2,0,A,107.0,LYS,K,6.0,22.0,28.0,K,-,0.1365853658536585,K,0.0,K107,Predicted_records,indirect,TAG,UA46_iodoY,iodoY,0.6859408562964178
2,6mh2,0,A,107.0,LYS,K,6.0,22.0,28.0,K,-,0.1365853658536585,K,0.0,K107,Predicted_records,indirect,TAG,UA03_DansylA,DansylA,0.6855806673242799
111,6mh2,0,A,107.0,LYS,K,6.0,22.0,28.0,K,-,0.1365853658536585,K,0.0,K107,Predicted_records,indirect,TAG,UB12_IndA,IndA,0.6845108707965325
136,6mh2,0,A,107.0,LYS,K,6.0,22.0,28.0,K,-,0.1365853658536585,K,0.0,K107,Predicted_records,indirect,TAG,UB37_3FY,3FY,0.6803514296976211
254,6mh2,0,A,145.0,LYS,K,5.0,19.0,24.0,K,E,0.2780487804878049,K,0.0,K145,Predicted_records,indirect,TAG,UA83_Mor,Mor,0.6776471166709901
70,6mh2,0,A,107.0,LYS,K,6.0,22.0,28.0,K,-,0.1365853658536585,K,0.0,K107,Predicted_records,indirect,TAG,UA71_pMeF,pMeF,0.677640794704713
35,6mh2,0,A,107.0,LYS,K,6.0,22.0,28.0,K,-,0.1365853658536585,K,0.0,K107,Predicted_records,indirect,TAG,UA36_3BrY,3BrY,0.6727408400124012
267,6mh2,0,A,145.0,LYS,K,5.0,19.0,24.0,K,E,0.2780487804878049,K,0.0,K145,Predicted_records,indirect,TAG,UA96_TBAmalC,TBAmalC,0.6705788716901606
112,6mh2,0,A,107.0,LYS,K,6.0,22.0,28.0,K,-,0.1365853658536585,K,0.0,K107,Predicted_records,indirect,TAG,UB13_CHA,CHA,0.6690400029305232
258,6mh2,0,A,145.0,LYS,K,5.0,19.0,24.0,K,E,0.2780487804878049,K,0.0,K145,Predicted_records,indirect,TAG,UA87_Aah,Aah,0.6676156500684993
19,6mh2,0,A,107.0,LYS,K,6.0,22.0,28.0,K,-,0.1365853658536585,K,0.0,K107,Predicted_records,indirect,TAG,UA20_HPG,HPG,0.6633048690716876
28,6mh2,0,A,107.0,LYS,K,6.0,22.0,28.0,K,-,0.1365853658536585,K,0.0,K107,Predicted_records,indirect,TAG,UA29_pAMF,pAMF,0.6621920019062865
330,6mh2,0,A,145.0,LYS,K,5.0,19.0,24.0,K,E,0.2780487804878049,K,0.0,K145,Predicted_records,indirect,TAG,UB59_OMeT,OMeT,0.6593494141173086
329,6mh2,0,A,145.0,LYS,K,5.0,19.0,24.0,K,E,0.2780487804878049,K,0.0,K145,Predicted_records,indirect,TAG,UB58_OMeS,OMeS,0.6554607759678616
36,6mh2,0,A,107.0,LYS,K,6.0,22.0,28.0,K,-,0.1365853658536585,K,0.0,K107,Predicted_records,indirect,TAG,UA37_3ClY,3ClY,0.654756532703045
170,6mh2,0,A,107.0,LYS,K,6.0,22.0,28.0,K,-,0.1365853658536585,K,0.0,K107,Predicted_records,indirect,TAG,UB71_O3tBuY,O3tBuY,0.6531358176845434
16,6mh2,0,A,107.0,LYS,K,6.0,22.0,28.0,K,-,0.1365853658536585,K,0.0,K107,Predicted_records,indirect,TAG,UA17_COY,COY,0.6527960716781279
40,6mh2,0,A,107.0,LYS,K,6.0,22.0,28.0,K,-,0.1365853658536585,K,0.0,K107,Predicted_records,indirect,TAG,UA41_pPaF,pPaF,0.651601208471229
117,6mh2,0,A,107.0,LYS,K,6.0,22.0,28.0,K,-,0.1365853658536585,K,0.0,K107,Predicted_records,indirect,TAG,UB18_AcrF,AcrF,0.6515949329246538
53,6mh2,0,A,107.0,LYS,K,6.0,22.0,28.0,K,-,0.1365853658536585,K,0.0,K107,Predicted_records,indirect,TAG,UA54_ThY,ThY,0.6474466805129364
277,6mh2,0,A,145.0,LYS,K,5.0,19.0,24.0,K,E,0.2780487804878049,K,0.0,K145,Predicted_records,indirect,TAG,UB06_GuaA,GuaA,0.6464569221299267
73,6mh2,0,A,107.0,LYS,K,6.0,22.0,28.0,K,-,0.1365853658536585,K,0.0,K107,Predicted_records,indirect,TAG,UA74_F1OMeY,F1OMeY,0.6459899525994914
154,6mh2,0,A,107.0,LYS,K,6.0,22.0,28.0,K,-,0.1365853658536585,K,0.0,K107,Predicted_records,indirect,TAG,UB55_NMeF,NMeF,0.6392356662440626
8,6mh2,0,A,107.0,LYS,K,6.0,22.0,28.0,K,-,0.1365853658536585,K,0.0,K107,Predicted_records,indirect,TAG,UA09_BCNK,BCNK,0.6385471488001293
66,6mh2,0,A,107.0,LYS,K,6.0,22.0,28.0,K,-,0.1365853658536585,K,0.0,K107,Predicted_records,indirect,TAG,UA67_BNW,BNW,0.6366568174104641
14,6mh2,0,A,107.0,LYS,K,6.0,22.0,28.0,K,-,0.1365853658536585,K,0.0,K107,Predicted_records,indirect,TAG,UA15_SCOK,SCOK,0.6337130518217061
7,6mh2,0,A,107.0,LYS,K,6.0,22.0,28.0,K,-,0.1365853658536585,K,0.0,K107,Predicted_records,indirect,TAG,UA08_CoK,CoK,0.6334391768451887
113,6mh2,0,A,107.0,LYS,K,6.0,22.0,28.0,K,-,0.1365853658536585,K,0.0,K107,Predicted_records,indirect,TAG,UB14_Lyk,Lyk,0.6315479657866573
80,6mh2,0,A,107.0,LYS,K,6.0,22.0,28.0,K,-,0.1365853658536585,K,0.0,K107,Predicted_records,indirect,TAG,UA81_5HTPW,5HTPW,0.6300641088386275
17,6mh2,0,A,107.0,LYS,K,6.0,22.0,28.0,K,-,0.1365853658536585,K,0.0,K107,Predicted_records,indirect,TAG,UA18_DS12,DS12,0.6278984208447255
54,6mh2,0,A,107.0,LYS,K,6.0,22.0,28.0,K,-,0.1365853658536585,K,0.0,K107,Predicted_records,indirect,TAG,UA55_AzoF,AzoF,0.6274973794970166
25,6mh2,0,A,107.0,LYS,K,6.0,22.0,28.0,K,-,0.1365853658536585,K,0.0,K107,Predicted_records,indirect,TAG,UA26_TAcK,TAcK,0.6267264370446337
120,6mh2,0,A,107.0,LYS,K,6.0,22.0,28.0,K,-,0.1365853658536585,K,0.0,K107,Predicted_records,indirect,TAG,UB21_OtBuY,OtBuY,0.6261819558299886
319,6mh2,0,A,145.0,LYS,K,5.0,19.0,24.0,K,E,0.2780487804878049,K,0.0,K145,Predicted_records,indirect,TAG,UB48_pTpa,pTpa,0.6226811892141717
140,6mh2,0,A,107.0,LYS,K,6.0,22.0,28.0,K,-,0.1365853658536585,K,0.0,K107,Predicted_records,indirect,TAG,UB41_McoAA,McoAA,0.6205145402138669
314,6mh2,0,A,145.0,LYS,K,5.0,19.0,24.0,K,E,0.2780487804878049,K,0.0,K145,Predicted_records,indirect,TAG,UB43_DiZPK,DiZPK,0.6191677469912459
60,6mh2,0,A,107.0,LYS,K,6.0,22.0,28.0,K,-,0.1365853658536585,K,0.0,K107,Predicted_records,indirect,TAG,UA61_TCFP,TCFP,0.618913339848275
123,6mh2,0,A,107.0,LYS,K,6.0,22.0,28.0,K,-,0.1365853658536585,K,0.0,K107,Predicted_records,indirect,TAG,UB24_sTyr,sTyr,0.6151341383355274
138,6mh2,0,A,107.0,LYS,K,6.0,22.0,28.0,K,-,0.1365853658536585,K,0.0,K107,Predicted_records,indirect,TAG,UB39_3VY,3VY,0.6147476590879737
9,6mh2,0,A,107.0,LYS,K,6.0,22.0,28.0,K,-,0.1365853658536585,K,0.0,K107,Predicted_records,indirect,TAG,UA10_2TCOK,2TCOK,0.6139884358474502
10,6mh2,0,A,107.0,LYS,K,6.0,22.0,28.0,K,-,0.1365853658536585,K,0.0,K107,Predicted_records,indirect,TAG,UA11_4TCOK,4TCOK,0.6137088026957696
193,6mh2,0,A,145.0,LYS,K,5.0,19.0,24.0,K,E,0.2780487804878049,K,0.0,K145,Predicted_records,indirect,TAG,UA22_NAEK,NAEK,0.6064620718748647
61,6mh2,0,A,107.0,LYS,K,6.0,22.0,28.0,K,-,0.1365853658536585,K,0.0,K107,Predicted_records,indirect,TAG,UA62_PiP,PiP,0.6050710080234172
90,6mh2,0,A,107.0,LYS,K,6.0,22.0,28.0,K,-,0.1365853658536585,K,0.0,K107,Predicted_records,indirect,TAG,UA91_StyrK,StyrK,0.6039002895061956
29,6mh2,0,A,107.0,LYS,K,6.0,22.0,28.0,K,-,0.1365853658536585,K,0.0,K107,Predicted_records,indirect,TAG,UA30_pCNF,pCNF,0.6022616330132055
91,6mh2,0,A,107.0,LYS,K,6.0,22.0,28.0,K,-,0.1365853658536585,K,0.0,K107,Predicted_records,indirect,TAG,UA92_MtY,MtY,0.6015257201730777
46,6mh2,0,A,107.0,LYS,K,6.0,22.0,28.0,K,-,0.1365853658536585,K,0.0,K107,Predicted_records,indirect,TAG,UA47_pAzF,pAzF,0.5997996698768276
22,6mh2,0,A,107.0,LYS,K,6.0,22.0,28.0,K,-,0.1365853658536585,K,0.0,K107,Predicted_records,indirect,TAG,UA23_pAcF,pAcF,0.5987690191864689
266,6mh2,0,A,145.0,LYS,K,5.0,19.0,24.0,K,E,0.2780487804878049,K,0.0,K145,Predicted_records,indirect,TAG,UA95_TEAmalC,TEAmalC,0.5987681517533939
264,6mh2,0,A,145.0,LYS,K,5.0,19.0,24.0,K,E,0.2780487804878049,K,0.0,K145,Predicted_records,indirect,TAG,UA93_NEMmalC,NEMmalC,0.5956946026352397
250,6mh2,0,A,145.0,LYS,K,5.0,19.0,24.0,K,E,0.2780487804878049,K,0.0,K145,Predicted_records,indirect,TAG,UA79_Tah,Tah,0.591193813027101
108,6mh2,0,A,107.0,LYS,K,6.0,22.0,28.0,K,-,0.1365853658536585,K,0.0,K107,Predicted_records,indirect,TAG,UB09_AminoY,AminoY,0.5869954521490519
39,6mh2,0,A,107.0,LYS,K,6.0,22.0,28.0,K,-,0.1365853658536585,K,0.0,K107,Predicted_records,indirect,TAG,UA40_SeC,SeC,0.5868884722446984
265,6mh2,0,A,145.0,LYS,K,5.0,19.0,24.0,K,E,0.2780487804878049,K,0.0,K145,Predicted_records,indirect,TAG,UA94_TMAmalC,TMAmalC,0.5796745278507209
129,6mh2,0,A,107.0,LYS,K,6.0,22.0,28.0,K,-,0.1365853658536585,K,0.0,K107,Predicted_records,indirect,TAG,UB30_PCK,PCK,0.5794963579756203
107,6mh2,0,A,107.0,LYS,K,6.0,22.0,28.0,K,-,0.1365853658536585,K,0.0,K107,Predicted_records,indirect,TAG,UB08_pAzmF,pAzmF,0.5746796644065608
160,6mh2,0,A,107.0,LYS,K,6.0,22.0,28.0,K,-,0.1365853658536585,K,0.0,K107,Predicted_records,indirect,TAG,UB61_BzFurA,BzFurA,0.5715318109957068
276,6mh2,0,A,145.0,LYS,K,5.0,19.0,24.0,K,E,0.2780487804878049,K,0.0,K145,Predicted_records,indirect,TAG,UB05_AdeA,AdeA,0.5648858049416364
118,6mh2,0,A,107.0,LYS,K,6.0,22.0,28.0,K,-,0.1365853658536585,K,0.0,K107,Predicted_records,indirect,TAG,UB19_OallylY,OallylY,0.5623383162330585
293,6mh2,0,A,145.0,LYS,K,5.0,19.0,24.0,K,E,0.2780487804878049,K,0.0,K145,Predicted_records,indirect,TAG,UB22_CanR,CanR,0.5608602423514853
159,6mh2,0,A,107.0,LYS,K,6.0,22.0,28.0,K,-,0.1365853658536585,K,0.0,K107,Predicted_records,indirect,TAG,UB60_norY,norY,0.558055231333961
220,6mh2,0,A,145.0,LYS,K,5.0,19.0,24.0,K,E,0.2780487804878049,K,0.0,K145,Predicted_records,indirect,TAG,UA49_Tz12Y,Tz12Y,0.5560273704491652
12,6mh2,0,A,107.0,LYS,K,6.0,22.0,28.0,K,-,0.1365853658536585,K,0.0,K107,Predicted_records,indirect,TAG,UA13_CbK,CbK,0.5536518345947649
6,6mh2,0,A,107.0,LYS,K,6.0,22.0,28.0,K,-,0.1365853658536585,K,0.0,K107,Predicted_records,indirect,TAG,UA07_AcrK,AcrK,0.5502684673361617
37,6mh2,0,A,107.0,LYS,K,6.0,22.0,28.0,K,-,0.1365853658536585,K,0.0,K107,Predicted_records,indirect,TAG,UA38_LysZ,LysZ,0.5493568151177091
169,6mh2,0,A,107.0,LYS,K,6.0,22.0,28.0,K,-,0.1365853658536585,K,0.0,K107,Predicted_records,indirect,TAG,UB70_O5QY,O5QY,0.5463685631400059
128,6mh2,0,A,107.0,LYS,K,6.0,22.0,28.0,K,-,0.1365853658536585,K,0.0,K107,Predicted_records,indirect,TAG,UB29_ePyl,ePyl,0.5462230102077468
135,6mh2,0,A,107.0,LYS,K,6.0,22.0,28.0,K,-,0.1365853658536585,K,0.0,K107,Predicted_records,indirect,TAG,UB36_CpA,CpA,0.5430604155925299
84,6mh2,0,A,107.0,LYS,K,6.0,22.0,28.0,K,-,0.1365853658536585,K,0.0,K107,Predicted_records,indirect,TAG,UA85_3MeP,3MeP,0.5416460177050569
15,6mh2,0,A,107.0,LYS,K,6.0,22.0,28.0,K,-,0.1365853658536585,K,0.0,K107,Predicted_records,indirect,TAG,UA16_NOR,NOR,0.5391578734463366
72,6mh2,0,A,107.0,LYS,K,6.0,22.0,28.0,K,-,0.1365853658536585,K,0.0,K107,Predicted_records,indirect,TAG,UA73_OMeY,OMeY,0.538952859022523
27,6mh2,0,A,107.0,LYS,K,6.0,22.0,28.0,K,-,0.1365853658536585,K,0.0,K107,Predicted_records,indirect,TAG,UA28_PCC,PCC,0.5373440688665841
44,6mh2,0,A,107.0,LYS,K,6.0,22.0,28.0,K,-,0.1365853658536585,K,0.0,K107,Predicted_records,indirect,TAG,UA45_bmK,bmK,0.5371189414956586
168,6mh2,0,A,107.0,LYS,K,6.0,22.0,28.0,K,-,0.1365853658536585,K,0.0,K107,Predicted_records,indirect,TAG,UB69_O4QY,O4QY,0.5364144255171874
34,6mh2,0,A,107.0,LYS,K,6.0,22.0,28.0,K,-,0.1365853658536585,K,0.0,K107,Predicted_records,indirect,TAG,UA35_HQA,HQA,0.5363737364328525
26,6mh2,0,A,107.0,LYS,K,6.0,22.0,28.0,K,-,0.1365853658536585,K,0.0,K107,Predicted_records,indirect,TAG,UA27_ProK,ProK,0.5350544345940031
85,6mh2,0,A,107.0,LYS,K,6.0,22.0,28.0,K,-,0.1365853658536585,K,0.0,K107,Predicted_records,indirect,TAG,UA86_nMeL,nMeL,0.5348917842908371
145,6mh2,0,A,107.0,LYS,K,6.0,22.0,28.0,K,-,0.1365853658536585,K,0.0,K107,Predicted_records,indirect,TAG,UB46_pBoF,pBoF,0.5345053391086217
4,6mh2,0,A,107.0,LYS,K,6.0,22.0,28.0,K,-,0.1365853658536585,K,0.0,K107,Predicted_records,indirect,TAG,UA05_PrK,PrK,0.5322208033417949
156,6mh2,0,A,107.0,LYS,K,6.0,22.0,28.0,K,-,0.1365853658536585,K,0.0,K107,Predicted_records,indirect,TAG,UB57_pDkF,pDkF,0.5299194855679191
24,6mh2,0,A,107.0,LYS,K,6.0,22.0,28.0,K,-,0.1365853658536585,K,0.0,K107,Predicted_records,indirect,TAG,UA25_AcK,AcK,0.5281514446890757
62,6mh2,0,A,107.0,LYS,K,6.0,22.0,28.0,K,-,0.1365853658536585,K,0.0,K107,Predicted_records,indirect,TAG,UA63_2MeP,2MeP,0.5280085282492766
103,6mh2,0,A,107.0,LYS,K,6.0,22.0,28.0,K,-,0.1365853658536585,K,0.0,K107,Predicted_records,indirect,TAG,UB04_ThyA,ThyA,0.5259126536708069
31,6mh2,0,A,107.0,LYS,K,6.0,22.0,28.0,K,-,0.1365853658536585,K,0.0,K107,Predicted_records,indirect,TAG,UA32_N3Y,N3Y,0.5243273773267535
126,6mh2,0,A,107.0,LYS,K,6.0,22.0,28.0,K,-,0.1365853658536585,K,0.0,K107,Predicted_records,indirect,TAG,UB27_CitR,CitR,0.5243271106198547
166,6mh2,0,A,107.0,LYS,K,6.0,22.0,28.0,K,-,0.1365853658536585,K,0.0,K107,Predicted_records,indirect,TAG,UB67_O2QY,O2QY,0.5242495565360764
52,6mh2,0,A,107.0,LYS,K,6.0,22.0,28.0,K,-,0.1365853658536585,K,0.0,K107,Predicted_records,indirect,TAG,UA53_NbK,NbK,0.5200479295760274
167,6mh2,0,A,107.0,LYS,K,6.0,22.0,28.0,K,-,0.1365853658536585,K,0.0,K107,Predicted_records,indirect,TAG,UB68_O3QY,O3QY,0.519200192826546
122,6mh2,0,A,107.0,LYS,K,6.0,22.0,28.0,K,-,0.1365853658536585,K,0.0,K107,Predicted_records,indirect,TAG,UB23_ForK,ForK,0.5188581678564903
1,6mh2,0,A,107.0,LYS,K,6.0,22.0,28.0,K,-,0.1365853658536585,K,0.0,K107,Predicted_records,indirect,TAG,UA02_CouAA,CouAA,0.5162608054521323
13,6mh2,0,A,107.0,LYS,K,6.0,22.0,28.0,K,-,0.1365853658536585,K,0.0,K107,Predicted_records,indirect,TAG,UA14_NBOK,NBOK,0.5142467694892636
151,6mh2,0,A,107.0,LYS,K,6.0,22.0,28.0,K,-,0.1365853658536585,K,0.0,K107,Predicted_records,indirect,TAG,UB52_CycK,CycK,0.5116363633601604
3,6mh2,0,A,107.0,LYS,K,6.0,22.0,28.0,K,-,0.1365853658536585,K,0.0,K107,Predicted_records,indirect,TAG,UA04_PABK,PABK,0.5110003997346433
23,6mh2,0,A,107.0,LYS,K,6.0,22.0,28.0,K,-,0.1365853658536585,K,0.0,K107,Predicted_records,indirect,TAG,UA24_eBK,eBK,0.510118774173281
42,6mh2,0,A,107.0,LYS,K,6.0,22.0,28.0,K,-,0.1365853658536585,K,0.0,K107,Predicted_records,indirect,TAG,UA43_DOPA,DOPA,0.5000592601493122
20,6mh2,0,A,107.0,LYS,K,6.0,22.0,28.0,K,-,0.1365853658536585,K,0.0,K107,Predicted_records,indirect,TAG,UA21_ANL,ANL,0.49869275533412166
81,6mh2,0,A,107.0,LYS,K,6.0,22.0,28.0,K,-,0.1365853658536585,K,0.0,K107,Predicted_records,indirect,TAG,UA82_Aze,Aze,0.49161345361325565
162,6mh2,0,A,107.0,LYS,K,6.0,22.0,28.0,K,-,0.1365853658536585,K,0.0,K107,Predicted_records,indirect,TAG,UB63_hGln,hGln,0.48905452372318126
33,6mh2,0,A,107.0,LYS,K,6.0,22.0,28.0,K,-,0.1365853658536585,K,0.0,K107,Predicted_records,indirect,TAG,UA34_BPA,BPA,0.4885853594284007
102,6mh2,0,A,107.0,LYS,K,6.0,22.0,28.0,K,-,0.1365853658536585,K,0.0,K107,Predicted_records,indirect,TAG,UB03_UraA,UraA,0.48119401657704575
134,6mh2,0,A,107.0,LYS,K,6.0,22.0,28.0,K,-,0.1365853658536585,K,0.0,K107,Predicted_records,indirect,TAG,UB35_dmnC,dmnC,0.47667092137028333
144,6mh2,0,A,107.0,LYS,K,6.0,22.0,28.0,K,-,0.1365853658536585,K,0.0,K107,Predicted_records,indirect,TAG,UB45_PLA,PLA,0.4763603289362545
231,6mh2,0,A,145.0,LYS,K,5.0,19.0,24.0,K,E,0.2780487804878049,K,0.0,K145,Predicted_records,indirect,TAG,UA60_AbK,AbK,0.46397585417901444
116,6mh2,0,A,107.0,LYS,K,6.0,22.0,28.0,K,-,0.1365853658536585,K,0.0,K107,Predicted_records,indirect,TAG,UB17_3OMeY,3OMeY,0.4606790771029431
77,6mh2,0,A,107.0,LYS,K,6.0,22.0,28.0,K,-,0.1365853658536585,K,0.0,K107,Predicted_records,indirect,TAG,UA78_Lah,Lah,0.45798089910108436
83,6mh2,0,A,107.0,LYS,K,6.0,22.0,28.0,K,-,0.1365853658536585,K,0.0,K107,Predicted_records,indirect,TAG,UA84_nMeA,nMeA,0.4539665463863987
5,6mh2,0,A,107.0,LYS,K,6.0,22.0,28.0,K,-,0.1365853658536585,K,0.0,K107,Predicted_records,indirect,TAG,UA06_CpK,CpK,0.44862297287559544
63,6mh2,0,A,107.0,LYS,K,6.0,22.0,28.0,K,-,0.1365853658536585,K,0.0,K107,Predicted_records,indirect,TAG,UA64_Pyl,Pyl,0.44384991308955707
101,6mh2,0,A,107.0,LYS,K,6.0,22.0,28.0,K,-,0.1365853658536585,K,0.0,K107,Predicted_records,indirect,TAG,UB02_CytA,CytA,0.4437108205356599
183,6mh2,0,A,145.0,LYS,K,5.0,19.0,24.0,K,E,0.2780487804878049,K,0.0,K145,Predicted_records,indirect,TAG,UA12_DOTCOK,DOTCOK,0.44215986755301856
65,6mh2,0,A,107.0,LYS,K,6.0,22.0,28.0,K,-,0.1365853658536585,K,0.0,K107,Predicted_records,indirect,TAG,UA66_peocK,peocK,0.4383705322710826
56,6mh2,0,A,107.0,LYS,K,6.0,22.0,28.0,K,-,0.1365853658536585,K,0.0,K107,Predicted_records,indirect,TAG,UA57_ThrK,ThrK,0.43748037391435324
161,6mh2,0,A,107.0,LYS,K,6.0,22.0,28.0,K,-,0.1365853658536585,K,0.0,K107,Predicted_records,indirect,TAG,UB62_BzTazA,BzTazA,0.4287456107275784
18,6mh2,0,A,107.0,LYS,K,6.0,22.0,28.0,K,-,0.1365853658536585,K,0.0,K107,Predicted_records,indirect,TAG,UA19_AHA,AHA,0.4209228963715758
143,6mh2,0,A,107.0,LYS,K,6.0,22.0,28.0,K,-,0.1365853658536585,K,0.0,K107,Predicted_records,indirect,TAG,UB44_ACPK,ACPK,0.4192839795297778
141,6mh2,0,A,107.0,LYS,K,6.0,22.0,28.0,K,-,0.1365853658536585,K,0.0,K107,Predicted_records,indirect,TAG,UB42_HNV,HNV,0.41787568170725947
171,6mh2,0,A,107.0,LYS,K,6.0,22.0,28.0,K,-,0.1365853658536585,K,0.0,K107,Predicted_records,indirect,TAG,UB72_PCC3,PCC3,0.41636106030386133
130,6mh2,0,A,107.0,LYS,K,6.0,22.0,28.0,K,-,0.1365853658536585,K,0.0,K107,Predicted_records,indirect,TAG,UB31_PCHcy,PCHcy,0.4157634471095096
127,6mh2,0,A,107.0,LYS,K,6.0,22.0,28.0,K,-,0.1365853658536585,K,0.0,K107,Predicted_records,indirect,TAG,UB28_dmPyl,dmPyl,0.41213050859269135
55,6mh2,0,A,107.0,LYS,K,6.0,22.0,28.0,K,-,0.1365853658536585,K,0.0,K107,Predicted_records,indirect,TAG,UA56_SerK,SerK,0.40816171394133016
43,6mh2,0,A,107.0,LYS,K,6.0,22.0,28.0,K,-,0.1365853658536585,K,0.0,K107,Predicted_records,indirect,TAG,UA44_ThzK,ThzK,0.3993573930807402
82,6mh2,0,A,107.0,LYS,K,6.0,22.0,28.0,K,-,0.1365853658536585,K,0.0,K107,Predicted_records,indirect,TAG,UA83_Mor,Mor,0.3876211222947648
95,6mh2,0,A,107.0,LYS,K,6.0,22.0,28.0,K,-,0.1365853658536585,K,0.0,K107,Predicted_records,indirect,TAG,UA96_TBAmalC,TBAmalC,0.380011774675472
86,6mh2,0,A,107.0,LYS,K,6.0,22.0,28.0,K,-,0.1365853658536585,K,0.0,K107,Predicted_records,indirect,TAG,UA87_Aah,Aah,0.37686363603243744
158,6mh2,0,A,107.0,LYS,K,6.0,22.0,28.0,K,-,0.1365853658536585,K,0.0,K107,Predicted_records,indirect,TAG,UB59_OMeT,OMeT,0.36820938369919537
157,6mh2,0,A,107.0,LYS,K,6.0,22.0,28.0,K,-,0.1365853658536585,K,0.0,K107,Predicted_records,indirect,TAG,UB58_OMeS,OMeS,0.3642020341816757
105,6mh2,0,A,107.0,LYS,K,6.0,22.0,28.0,K,-,0.1365853658536585,K,0.0,K107,Predicted_records,indirect,TAG,UB06_GuaA,GuaA,0.35507582510636204
147,6mh2,0,A,107.0,LYS,K,6.0,22.0,28.0,K,-,0.1365853658536585,K,0.0,K107,Predicted_records,indirect,TAG,UB48_pTpa,pTpa,0.3319544837957394
142,6mh2,0,A,107.0,LYS,K,6.0,22.0,28.0,K,-,0.1365853658536585,K,0.0,K107,Predicted_records,indirect,TAG,UB43_DiZPK,DiZPK,0.3286526197621939
21,6mh2,0,A,107.0,LYS,K,6.0,22.0,28.0,K,-,0.1365853658536585,K,0.0,K107,Predicted_records,indirect,TAG,UA22_NAEK,NAEK,0.31694700233448797
94,6mh2,0,A,107.0,LYS,K,6.0,22.0,28.0,K,-,0.1365853658536585,K,0.0,K107,Predicted_records,indirect,TAG,UA95_TEAmalC,TEAmalC,0.3100324519960234
92,6mh2,0,A,107.0,LYS,K,6.0,22.0,28.0,K,-,0.1365853658536585,K,0.0,K107,Predicted_records,indirect,TAG,UA93_NEMmalC,NEMmalC,0.3073058572282439
78,6mh2,0,A,107.0,LYS,K,6.0,22.0,28.0,K,-,0.1365853658536585,K,0.0,K107,Predicted_records,indirect,TAG,UA79_Tah,Tah,0.30334915293220094
93,6mh2,0,A,107.0,LYS,K,6.0,22.0,28.0,K,-,0.1365853658536585,K,0.0,K107,Predicted_records,indirect,TAG,UA94_TMAmalC,TMAmalC,0.29341299762815226
104,6mh2,0,A,107.0,LYS,K,6.0,22.0,28.0,K,-,0.1365853658536585,K,0.0,K107,Predicted_records,indirect,TAG,UB05_AdeA,AdeA,0.2810442794278012
121,6mh2,0,A,107.0,LYS,K,6.0,22.0,28.0,K,-,0.1365853658536585,K,0.0,K107,Predicted_records,indirect,TAG,UB22_CanR,CanR,0.27775026646215967
48,6mh2,0,A,107.0,LYS,K,6.0,22.0,28.0,K,-,0.1365853658536585,K,0.0,K107,Predicted_records,indirect,TAG,UA49_Tz12Y,Tz12Y,0.273835698739823
59,6mh2,0,A,107.0,LYS,K,6.0,22.0,28.0,K,-,0.1365853658536585,K,0.0,K107,Predicted_records,indirect,TAG,UA60_AbK,AbK,0.2067465203568834
11,6mh2,0,A,107.0,LYS,K,6.0,22.0,28.0,K,-,0.1365853658536585,K,0.0,K107,Predicted_records,indirect,TAG,UA12_DOTCOK,DOTCOK,0.19267779241551258
