SMILES,name,canvasUID,MW,AlogP,HBA,HBD,RB,PSA,Estate,Polar
O=C(O)[C@H](C)N,AA01_A_Ala,1,89.0932,-0.7073,0,0,1,63.32,23,8.353
O=C(O)[C@@H](N)CS,AA02_C_Cys,2,121.1582,-0.6242,0,1,2,102.12,25.722,11.353
O=C(O)[C@@H](N)CC(=O)O,AA03_D_Asp,3,133.1027,-1.3518,0,0,3,100.62,38.167,10.911
O=C(O)[C@@H](N)CCC(=O)O,AA04_E_Glu,4,147.1293,-1.0306,0,0,4,100.62,39.667,12.746
O=C(O)[C@@H](N)Cc1ccccc1,AA05_F_Phe,5,165.1891,0.8486,0,0,3,63.32,34.167,21.277
O=C(O)CN,AA06_G_Gly,6,75.0666,-1.1915,0,0,1,63.32,21.167,6.518
O=C(O)[C@@H](N)Cc1c[nH]cn1,AA07_H_His,7,155.1546,-1.5927,1,1,3,92,33.667,16.875
O=C(O)[C@@H](N)[C@@H](C)CC,AA08_I_Ile,8,131.1729,0.5919,0,0,3,63.32,27.833,13.858
O=C(O)[C@@H](N)CCCCN,AA09_K_Lys,9,146.1876,-0.7865,0,0,5,89.34,31,15.209
O=C(O)[C@@H](N)CC(C)C,AA10_L_Leu,10,131.1729,0.5244,0,0,3,63.32,27.833,13.858
O=C(O)[C@@H](N)CCSC,AA11_M_Met,11,149.2113,-0.3799,1,0,4,88.62,27.833,15.023
NC(=O)C[C@H](N)C(=O)O,AA12_N_Asn,12,132.1179,-1.9854,1,1,3,106.41,35.167,11.625
O=C(O)[C@@H]1CCCN1,AA13_P_Pro,13,115.1305,-0.1633,0,0,1,49.33,24,11.249
NC(=O)CC[C@H](N)C(=O)O,AA14_Q_Gln,14,146.1445,-1.6642,1,1,4,106.41,36.667,13.46
O=C(O)[C@@H](N)CCCN/C(=N/[H])N,AA15_R_Arg,15,174.201,-1.3767,1,1,6,125.22,38.667,17.494
O=C(O)[C@@H](N)CO,AA16_S_Ser,16,105.0926,-1.5955,1,1,2,83.55,28.5,8.99
O=C(O)[C@@H](N)[C@@H](C)O,AA17_T_Thr,17,119.1192,-1.218,1,1,2,83.55,30.333,10.825
O=C(O)[C@@H](N)C(C)C,AA18_V_Val,18,117.1463,0.1357,0,0,2,63.32,26.333,12.023
O=C(O)[C@@H](N)Cc1c[nH]c(c12)cccc2,AA19_W_Trp,19,204.2252,0.6263,0,1,3,79.11,40.001,26.486
O=C(O)[C@@H](N)Cc1ccc(O)cc1,AA20_Y_Tyr,20,181.1885,0.5812,1,1,3,83.55,39.834,21.914
CC(=O)c(c1)ccc(c12)cc(cc2)NC[C@H](N)C(=O)O,UA01_Anap,21,272.2991,1.0495,1,1,5,92.42,54.335,34.742
O=C(O)[C@@H](N)CCc1cc(=O)oc(c12)cc(O)cc2,UA02_CouAA,22,263.246,1.2189,3,1,4,113.76,56.835,30.28
O=C(O)[C@@H](N)CNS(=O)(=O)c(ccc1)c(c12)cccc2N(C)C,UA03_DansylA,23,337.3941,0.5742,2,1,6,121.11,64.585,39.845
O=C(O)[C@@H](N)CCCCNC(=O)OCc1ccc(cc1)N=[N+]=[N-],UA04_PABK,24,321.3318,0.4819,2,1,10,114.01,57.501,35.097
C#CCOC(=O)NCCCC[C@H](N)C(=O)O,UA05_PrK,25,228.245,1.2648,2,2,8,101.65,49.667,22.168
O=C(O)[C@@H](N)CCCCNC(=O)OC[C@H]1C=C1C,UA06_CpK,26,256.2982,0.8946,2,1,9,101.65,50.167,25.976
C=CC(=O)NCCCC[C@H](N)C(=O)O,UA07_AcrK,27,200.2349,-0.1742,1,1,7,92.42,43.167,20.608
O=C(O)[C@@H](N)CCCCNC(=O)O[C@H]1CCC#CCCC1,UA08_CoK,28,296.3621,2.5213,2,1,8,101.65,55.5,30.569
O=C(O)[C@@H](N)CCCCNC(=O)OC[C@@H]1[C@H]([C@H]12)CCC#CCC2,UA09_BCNK,29,322.3993,2.5276,2,1,9,101.65,58.166,33.465
O=C(O)[C@@H](N)CCCCNC(=O)O[C@@H]1/C=C\CCCCC1,UA10_2TCOK,30,298.3779,2.5337,2,1,8,101.65,54.5,31.481
O=C(O)[C@@H](N)CCCCNC(=O)O[C@H]1CC/C=C\CCC1,UA11_4TCOK,31,298.3779,2.3987,2,1,8,101.65,54.5,31.481
O=C(O)[C@@H](N)CCCCNC(=O)OCCO[C@H]1/C=C\COCOC1,UA12_DOTCOK,32,346.3761,-0.0227,5,1,11,129.34,65,33.392
O=C(O)[C@@H](N)CCCCNC(=O)CC[C@H]1C=CC1,UA13_CbK,33,254.3254,0.706,1,1,9,92.42,48,27.174
O=C(O)[C@@H](N)CCCCNC(=O)O[C@@H]1C[C@H](C2)C=C[C@@H]12,UA14_NBOK,34,282.3355,1.2296,2,1,8,101.65,52.666,28.872
O=C(O)[C@@H](N)CCCCNC(=O)O[C@H]1C#CCCCCC1,UA15_SCOK,35,296.3621,2.6563,2,1,8,101.65,55.5,30.569
O=C(O)[C@@H](N)Cc1ccc(cc1)OCCO[C@H]2C[C@@H](C3)C=C[C@H]23,UA16_NOR,36,317.3795,1.8583,2,0,8,81.78,54.833,37.326
O=C(O)[C@@H](N)Cc1ccc(cc1)OCCO[C@@H]2C#CCCCCC2,UA17_COY,37,331.4061,3.285,2,0,8,81.78,57.667,39.023
O=C(O)[C@@H](N)Cc1ccc(cc1)OCCO[C@H]2CC/C=C\CCC2,UA18_DS12,38,333.422,3.0274,2,0,8,81.78,56.667,39.935
O=C(O)[C@@H](N)CCN=[N+]=[N-],UA19_AHA,39,144.1319,-2.5167,0,0,4,75.68,27,12.759
C#CCC[C@H](N)C(=O)O,UA20_HPG,40,127.1412,0.9135,0,1,3,63.32,30.5,12.754
O=C(O)[C@@H](N)CCCCN=[N+]=[N-],UA21_ANL,41,172.1851,-1.4805,0,0,6,75.68,30,16.429
O=C(O)[C@@H](N)CCCCNC(=O)OCCN=[N+]=[N-],UA22_NAEK,42,259.2624,-1.4504,2,1,10,114.01,47.667,24.008
CC(=O)c1ccc(cc1)C[C@H](N)C(=O)O,UA23_pAcF,43,207.2258,0.5885,1,0,4,80.39,44.501,25.033
O=C(O)[C@@H](N)CCCCNC(=O)OC(C)(C)C,UA24_eBK,44,246.3034,1.0039,2,1,8,101.65,48.917,25.107
O=C(O)[C@@H](N)CCCCNC(=O)C,UA25_AcK,45,188.2242,-0.7651,1,1,6,92.42,40.167,18.965
O=C(O)[C@@H](N)CCCCNC(=S)C,UA26_TAcK,46,204.2898,0.3285,0,1,7,107.44,36.834,22.125
CCC(=O)NCCCC[C@H](N)C(=O)O,UA27_ProK,47,202.2508,-0.0982,1,1,7,92.42,41.667,20.8
O=C(O)[C@@H](N)CS[C@@H](C)c(c1)c([N+]([O-])=O)cc(c12)OCO2,UA28_PCC,48,314.3144,1.1812,3,0,6,150.22,62.834,31.828
O=C(O)[C@@H](N)Cc1ccc(N)cc1,UA29_pAMF,49,180.2038,0.102,0,1,3,89.34,37.834,22.628
N#Cc1ccc(cc1)C[C@H](N)C(=O)O,UA30_pCNF,50,190.1986,0.7275,1,0,3,87.11,42.334,23.129
O=C(O)[C@@H](N)Cc1ccc([N+]([O-])=O)cc1,UA31_pNTF,51,210.1867,0.743,0,0,4,106.46,49.834,22.823
O=C(O)[C@@H](N)Cc1cc(N=[N+]=[N-])c(O)cc1,UA32_N3Y,53,222.2007,-0.593,1,1,4,95.91,42.501,24.485
O=C(O)[C@@H](N)Cc1c[nH]c(c12)ccc(F)c2,UA33_FluoW,54,222.2156,0.8318,0,1,3,79.11,47.668,26.395
O=C(O)[C@@H](N)Cc1ccc(nc1)-c2ccccn2,UA34_BPA,55,243.2612,0.9228,2,0,4,89.1,47.501,31.695
O=C(O)[C@@H](N)Cc(cn1)cc(c12)cccc2O,UA35_HQA,56,232.2353,0.7675,2,1,3,96.44,48.168,29.019
O=C(O)[C@@H](N)Cc1cc(Br)c(O)cc1,UA36_3BrY,57,260.0846,1.3296,1,1,3,83.55,42.251,24.54
O=C(O)[C@@H](N)Cc1cc(Cl)c(O)cc1,UA37_3ClY,58,215.6336,1.2456,1,1,3,83.55,43.612,23.884
O=C(O)[C@@H](N)CCCCNC(=O)OCc1ccccc1,UA38_LysZ,59,280.3196,1.6561,2,1,9,101.65,54.834,32.526
O=C(O)[C@@H](N)Cc1ccc([SeH])cc1,UA39_SeF,60,244.1491,1.254,0,0,3,63.32,36.084,21.277
O=C(O)[C@@H](N)C[SeH],UA40_SeC,61,168.0532,-0.5787,0,0,2,63.32,24.75,8.353
C#CCOc(cc1)ccc1C[C@H](N)C(=O)O,UA41_pPaF,62,219.2365,2.0244,1,1,5,72.55,45.334,26.315
c1ccccc1C(=O)c2ccc(cc2)C[C@H](N)C(=O)O,UA42_pBpF,63,269.2952,2.2528,1,0,5,80.39,54.168,36.122
O=C(O)[C@@H](N)Cc1cc(O)c(O)cc1,UA43_DOPA,64,197.1879,0.3138,2,2,3,103.78,45.501,22.551
O=C(O)[C@@H](N)CCCCNC(=O)C1CSCN1,UA44_ThzK,65,261.3412,-0.7448,2,1,7,129.75,46.833,26.212
C#CCCCOC(=O)NCCCC[C@H](N)C(=O)O,UA45_bmK,66,256.2982,2.0422,2,2,10,101.65,52.667,25.838
O=C(O)[C@@H](N)Cc1cc(I)c(O)cc1,UA46_iodoY,67,307.0851,1.1594,1,1,3,83.55,41.621,26.942
O=C(O)[C@@H](N)Cc1ccc(cc1)N=[N+]=[N-],UA47_pAzF,68,206.2013,-0.3256,0,0,4,75.68,36.834,23.848
O=C(O)[C@@H](N)Cc1ccc(C2(C(F)(F)F)N=N2)cc1,UA48_tmdF,69,273.2112,1.8109,2,0,5,88.04,66.334,25.96
O=C(O)[C@@H](N)Cc1ccc(cc1)Nc2nncnn2,UA49_Tz12Y,70,260.252,0.7287,4,1,5,126.91,52.001,30.54
O=C(O)[C@@H](N)Cc1ccc(S(F)(F)(F)(F)F)cc1,UA50_SF5F,71,291.2382,2.2821,0,0,4,88.62,74.445,25.37
O=C(O)[C@@H](N)Cc(cc1)ccc1C(F)(F)F,UA51_CF3F,72,233.1871,1.7909,0,0,4,63.32,59.084,22.839
O=C(O)[C@@H](N)Cc1ccc(Cl)cc1,UA52_ClF,73,199.6342,1.513,0,0,3,63.32,37.945,23.247
O=C(O)[C@@H](N)CCCCNC(=O)OCC1CC(C2)C=CC12,UA53_NbK,74,296.3621,1.4926,2,1,9,101.65,54.166,30.707
O=C(O)[C@@H](N)Cc1ccc(cc1)Oc2ccc(O)cc2,UA54_ThY,75,273.2839,2.1414,2,1,5,92.78,54.668,35.475
O=C(O)[C@@H](N)Cc1ccc(cc1)/N=N/c2ccccc2,UA55_AzoF,76,269.2985,3.218,2,0,5,88.04,51.501,36.261
OC[C@H](N)C(=O)NCCCC[C@H](N)C(=O)O,UA56_SerK,77,233.2649,-2.1307,2,2,8,138.67,51,22.788
C[C@@H](O)[C@H](N)C(=O)NCCCC[C@H](N)C(=O)O,UA57_ThrK,79,247.2914,-1.7532,2,2,8,138.67,52.833,24.623
O=C(O)[C@@H](N)Cc1ccc(cc1)OS(=O)(=O)F,UA58_FSY,81,263.2428,0.5035,1,0,5,115.07,60.251,25.661
O=C(O)[C@@H](N)Cc1cc(Cl)c(O)c(Cl)c1,UA59_Cl2Y,82,250.0787,1.91,1,1,3,83.55,47.39,25.854
O=C(O)[C@@H](N)CCCCNC(=O)OCCC1(C)N=N1,UA60_AbK,83,272.3009,0.3088,4,1,10,126.37,53.917,26.393
O=C(O)[C@@H]1CC(F)CN1,UA61_TCFP,84,133.1209,-0.314,0,0,1,49.33,31.833,11.158
O=C(O)[C@@H]1CCCCN1,UA62_PiP,85,129.157,0.2929,0,0,1,49.33,25.5,13.084
O=C(O)[C@]1(C)CCCN1,UA63_2MeP,86,129.157,0.1484,0,0,1,49.33,25.917,13.084
O=C(O)[C@@H](N)CCCCNC(=O)[C@H]1[C@H](C)CC=N1,UA64_Pyl,87,255.3134,-0.291,2,1,7,104.78,49.333,26.465
O=C(O)[C@@H](N)Cc1ccc(I)cc1,UA65_iodoF,88,291.0857,1.4268,0,0,3,63.32,35.954,26.305
O=C(O)[C@@H](N)CCCCNC(=O)OCC=C,UA66_peocK,89,230.2609,0.6894,2,1,9,101.65,48.167,23.08
c1cccn(b12)c(c[nH]2)C[C@H](N)C(=O)O,UA67_BNW,90,205.0215,-0.8041,0,1,3,84.04,40,23.724
O=C(O)[C@@H](N)Cc1ccc(F)cc1,UA68_F1F,91,183.1796,1.0541,0,0,3,63.32,41.834,21.186
O=C(O)[C@@H](N)Cc1cc(F)cc(F)c1,UA69_F2F,92,201.1701,1.2596,0,0,3,63.32,49.501,21.095
O=C(O)[C@@H](N)Cc1cc(F)c(F)c(F)c1,UA70_F3F,93,219.1605,1.4651,0,0,3,63.32,57.168,21.004
O=C(O)[C@@H](N)Cc1ccc(C)cc1,UA71_pMeF,94,179.2157,1.3348,0,0,3,63.32,35.834,23.112
O=C(O)[C@@H](N)Cc1ccc(Br)cc1,UA72_pBrF,95,244.0852,1.597,0,0,3,63.32,36.584,23.903
O=C(O)[C@@H](N)Cc1ccc(cc1)OC,UA73_OMeY,96,195.2151,0.8322,1,0,4,72.55,39.334,23.749
O=C(O)[C@@H](N)Cc1cc(F)c(cc1)OC,UA74_F1OMeY,97,213.2056,1.0377,1,0,4,72.55,47.001,23.658
O=C(O)[C@@H](N)Cc1cc(F)c(c(F)c1)OC,UA75_F2OMeY,98,231.196,1.2432,1,0,4,72.55,54.668,23.567
O=C(O)[C@@H](N)Cc1c(F)c(F)c(c(F)c1F)OC,UA76_F4OMeY,99,267.177,1.6542,1,0,4,72.55,70.002,23.385
O=C(O)[C@@H](N)Cc1c[nH]c(c12)c(F)c(F)c(F)c2F,UA77_F4W,100,276.187,1.4483,0,1,3,79.11,70.669,26.122
O=C(O)[C@@H](O)CC(C)C,UA78_Lah,101,132.1577,0.814,1,1,3,57.53,29.833,13.144
O=C(O)[C@@H](O)[C@@H](C)O,UA79_Tah,102,120.1039,-0.9284,2,2,2,77.76,32.333,10.111
O=C(O)[C@@H](N)C[Se]C(C)c(c1)c([N+]([O-])=O)cc(c12)OCO2,UA80_PSeC,103,361.2094,1.2507,2,0,6,124.92,62.251,28.828
O=C(O)[C@@H](N)Cc1c[nH]c(c12)ccc(c2)O,UA81_5HTPW,105,220.2246,0.3589,1,2,3,99.34,45.668,27.123
O=C(O)[C@@H]1CCN1,UA82_Aze,106,101.1039,-0.7433,0,0,1,49.33,22.5,9.414
O=C(O)[C@@H]1COCCN1,UA83_Mor,107,131.1299,-0.9366,1,0,1,58.56,27.5,11.886
O=C(O)[C@H](C)NC,UA84_nMeA,108,103.1198,-0.2755,0,0,2,49.33,23.5,10.188
O=C(O)[C@@H]1[C@@H](C)CCN1,UA85_3MeP,109,129.157,0.156,0,0,1,49.33,25.833,13.084
CN[C@H](C(=O)O)CC(C)C,UA86_nMeL,110,145.1995,0.9562,0,0,4,49.33,28.333,15.693
O=C(O)[C@H](C)O,UA87_Aah,111,90.0779,-0.4177,1,1,1,57.53,25,7.639
O=C(O)[C@@H](N)Cc1ccc(cc1)\N=N\c2c(F)cccc2F,UA88_F2AzoF,112,305.2794,3.629,2,0,5,88.04,66.835,36.079
O=C(O)[C@@H](N)Cc(cc1F)cc(F)c1/N=N/c2c(F)cccc2F,UA89_F4AzoF,113,341.2604,4.04,2,0,5,88.04,82.169,35.897
O=C(O)[C@@H](N)Cc(c1)ccc(c12)[nH]c3c(c2=O)cccc3,UA90_AcdA,114,282.294,1.9782,1,1,3,96.18,56.002,37.309
O=C(O)[C@@H](N)CCCCNC(=O)OCc(cc1)ccc1C=C,UA91_StyrK,115,306.3569,2.2078,2,1,10,101.65,59.501,36.004
O=C(O)[C@@H](N)Cc1cc(SC)c(O)cc1,UA92_MtY,116,227.2801,1.123,1,1,4,108.85,43.334,26.749
O=C(O)[C@@H](N)CSC(C1=O)CC(=O)N1CC,UA93_NEMmalC,117,246.2835,-0.9741,3,0,5,126,50,23.112
O=C(O)[C@@H](N)CSC(C1=O)CC(=O)N1CC[N+](C)(C)C,UA94_TMAmalC,118,304.3858,-2.539,3,0,7,126,57,30.355
O=C(O)[C@@H](N)CSC(C1=O)CC(=O)N1CC[N+](CC)(CC)CC,UA95_TEAmalC,119,346.4655,-1.4926,3,0,10,126,61.5,35.86
O=C(O)[C@@H](N)CSC(C1=O)CC(=O)N1CC[N+](CCCC)(CCCC)CCCC,UA96_TBAmalC,120,430.625,1.4471,3,0,16,126,70.5,46.87
O=C(O)[C@@H](N)Cc1ccc(cc1)OCc(c2)c([N+]([O-])=O)cc(c23)OCO3,UA97_NPY,121,360.3181,2.0782,3,0,7,134.15,74.002,40.554
O=C(O)[C@@H](N)Cc1ccc(cc1)OC(C)c(c2)c([N+]([O-])=O)cc(c23)OCO3,UA98_MNPY,122,374.3447,2.4557,3,0,7,134.15,75.835,42.389
O=C(O)[C@@H](N)Cc1ccc(cc1)OC(C)c2c([N+]([O-])=O)cccc2,UA99_NPPY,123,330.3352,2.6876,1,0,7,115.69,68.001,40.054
O=C(O)[C@@H](N)Cc1ccc(cc1)OCc2c([N+]([O-])=O)cccc2,UB00_NBY,124,316.3086,2.3101,1,0,7,115.69,66.168,38.219
C#Cc1ccc(cc1)C(=O)c2ccc(cc2)C[C@H](N)C(=O)O,UB01_BPKyne,125,293.3166,3.3799,1,1,5,80.39,60.335,38.688
O=C(O)[C@@H](N)Cn(c(n1)=O)ccc1N,UB02_CytA,126,198.1793,-0.7498,2,1,3,124.23,45.834,20.691
O=C(O)[C@@H](N)Cn(c(=O)[nH]1)ccc1=O,UB03_UraA,127,199.1641,-0.8482,2,1,3,118.18,48.334,19.909
O=C(O)[C@@H](N)Cn(c1)c(=O)[nH]c(=O)c1C,UB04_ThyA,128,213.1906,-0.362,2,1,3,118.18,50.001,21.744
O=C(O)[C@@H](N)Cn(cn1)c(c12)ncnc2N,UB05_AdeA,129,222.204,-1.6102,3,1,3,132.94,46.501,24.078
O=C(O)[C@@H](N)Cn(cn1)c(c12)nc(N)[nH]c2=O,UB06_GuaA,130,238.2034,-1.9342,3,2,3,152.91,52.668,24.647
C#CCOc(c(c1)OC)cc([N+]([O-])=O)c1C[C@H](N)C(=O)O,UB07_adonY,132,294.2601,1.9024,2,1,7,124.92,66.168,30.333
O=C(O)[C@@H](N)Cc1ccc(cc1)CN=[N+]=[N-],UB08_pAzmF,137,220.2279,-0.7395,0,0,5,75.68,38.334,25.683
O=C(O)[C@@H](N)Cc1cc(N)c(O)cc1,UB09_AminoY,138,196.2032,-0.1654,1,2,3,109.57,43.501,23.265
O=C(O)[C@@H](N)CCCCNC(=O)OCc1ccc(C2(C(F)(F)F)N=N2)cc1,UB10_pTmdZLys,139,388.3417,2.6184,4,1,11,126.37,87.001,37.209
O=C(O)[C@@H](N)CCCCNC(=O)OCc1cc(C2(C(F)(F)F)N=N2)ccc1,UB11_mTmdZLys,140,388.3417,2.6184,4,1,11,126.37,87.001,37.209
O=C(O)[C@@H](N)Cn(cc1)c(c12)cccc2,UB12_IndA,141,204.2252,0.8644,0,0,3,68.25,39.834,26.486
O=C(O)[C@@H](N)CC1CCCCC1,UB13_CHA,142,171.2368,1.5214,0,0,3,63.32,31.333,18.589
O=C(O)[C@@H](N)CCCCCN,UB14_Lyk,143,160.2141,-0.3303,0,0,6,89.34,32.5,17.044
O=C(O)[C@@H](N)Cc1cc(F)c(O)c(F)c1,UB15_F2Y,144,217.1695,0.9922,1,1,3,83.55,55.168,21.732
O=C(O)[C@@H](N)Cc1c(F)c(F)c(O)c(F)c1,UB16_F3Y,145,235.1599,1.1977,1,1,3,83.55,62.835,21.641
O=C(O)[C@@H](N)Cc1cc(OC)c(O)cc1,UB17_3OMeY,146,211.2145,0.5648,2,1,4,92.78,45.001,24.386
C=CC(=O)Nc(cc1)ccc1C[C@H](N)C(=O)O,UB18_AcrF,147,234.2512,0.5599,1,1,5,92.42,50.001,28.027
O=C(O)[C@@H](N)Cc1ccc(cc1)OCC=C,UB19_OallylY,148,221.2524,1.449,1,0,6,72.55,43.834,27.227
O=C(O)[C@@H](N)Cc1ccc(cc1)-c2ccccc2,UB20_PheF,149,241.2851,2.367,0,0,4,63.32,45.501,34.201
O=C(O)[C@@H](N)Cc1ccc(cc1)OC(C)(C)C,UB21_OtBuY,150,237.2949,1.7635,1,0,5,72.55,44.584,29.254
[H]\N=C(N)\NOCC[C@H](N)C(=O)O,UB22_CanR,151,176.1738,-2.1108,2,1,6,134.45,40.667,16.296
O=C(O)[C@@H](N)CCCCNC=O,UB23_ForK,152,174.1977,-0.6494,1,1,6,92.42,38.5,17.13
O=C(O)[C@@H](N)Cc1ccc(cc1)OS(=O)(=O)O,UB24_sTyr,153,261.2517,0.1884,2,0,5,135.3,58.251,26.389
O=C(O)[C@@H](N)Cc1cc([N+]([O-])=O)c(F)cc1,UB25_FNO2F,154,228.1772,0.9485,0,0,4,106.46,57.501,22.732
O=C(O)[C@@H](N)Cc1ccc(cc1)-c2ccc(cc2)-c3ccccc3,UB26_BFF,155,317.3811,3.8854,0,0,5,63.32,56.835,47.125
O=C(O)[C@@H](N)CCCNC(=O)N,UB27_CitR,156,175.1857,-1.2682,1,2,5,118.44,40.667,16.646
O=C(O)[C@@H](N)CCCCNC(=O)C1CCC=N1,UB28_dmPyl,158,241.2869,-0.6103,2,1,7,104.78,47.5,24.63
C#CC1C(N=CC1)C(=O)NCCCC[C@H](N)C(=O)O,UB29_ePyl,159,265.3083,0.3499,2,2,7,104.78,53.833,27.196
O=C(O)[C@@H](N)CCCCNC(=O)OC(C)c(c1)c([N+]([O-])=O)cc(c12)OCO2,UB30_PCK,160,383.3532,1.6961,4,1,10,163.25,80.168,38.242
O=C(O)[C@@H](N)CCSCNC(=O)OC(C)c(c1)c([N+]([O-])=O)cc(c12)OCO2,UB31_PCHcy,161,401.3917,1.256,5,1,10,188.55,80.501,39.407
O=C(O)[C@@H](N)Cc(cc1)ccc1CC(=O)O,UB32_pCmF,162,223.2252,0.4878,0,0,5,100.62,51.001,25.67
O=C(O)[C@@H](N)Cc1cc([N+]([O-])=O)c(O)cc1,UB33_3NO2Y,164,226.1861,0.4756,1,1,4,126.69,55.501,23.46
CC(Br)(C)C(=O)Nc(cc1)ccc1C[C@H](N)C(=O)O,UB34_BrbF,165,329.1897,1.442,1,1,5,92.42,53.001,32.68
O=C(O)[C@@H](N)CSCc1c([N+]([O-])=O)cc(OC)c(c1)OC,UB35_dmnC,167,316.3302,1.0028,3,0,8,150.22,63.501,32.602
O=C(O)[C@@H](N)CC1CC1,UB36_CpA,168,129.157,0.1528,0,0,3,63.32,26.833,13.084
O=C(O)[C@@H](N)Cc1cc(F)c(O)cc1,UB37_3FY,169,199.179,0.7867,1,1,3,83.55,47.501,21.823
O=C(O)[C@@H](N)Cc1cc(Br)c(O)c(Br)c1,UB38_Br2Y,170,338.9807,2.078,1,1,3,83.55,44.668,27.166
O=C(O)[C@@H](N)Cc(c1)ccc(O)c1C=C,UB39_3VY,171,207.2258,1.1329,1,1,4,83.55,44.501,25.392
C#Cc1ccc(cc1)C[C@H](N)C(=O)O,UB40_pETF,172,189.2105,1.9757,0,1,3,63.32,40.334,23.843
O=C(O)[C@@H](N)CCc1cc(=O)oc(c12)cc(C)cc2,UB41_McoAA,173,261.2732,1.9725,2,0,4,93.53,52.835,31.478
O=C(O)[C@@H](N)[C@H](O)CC,UB42_HNV,174,133.1457,-0.6943,1,1,3,83.55,31.833,12.66
O=C(O)[C@@H](N)CCCCNC(=O)NCCCC1(C)N=N1,UB43_DiZPK,175,285.3427,-0.016,3,2,10,129.17,54.417,28.942
O=C(O)[C@@H](N)CCCCNC(=O)O[C@@H]([C@@H]1N=[N+]=[N-])CCC1,UB44_ACPK,176,299.3262,-0.4758,2,1,9,114.01,51.833,28.739
O=C(O)[C@@H](O)Cc1ccc(O)cc1,UB45_PLA,177,182.1733,0.8708,2,2,3,77.76,41.834,21.2
OB(O)c1ccc(cc1)C[C@H](N)C(=O)O,UB46_pBoF,178,209.0069,0.8024,2,2,4,103.78,47.167,22.938
O=C(O)[C@@H](N)Cc1c([N+]([O-])=O)cccc1,UB47_oNiF,179,210.1867,0.743,0,0,4,106.46,49.834,22.823
O=C(O)[C@@H](N)Cc1ccc(cc1)-n2cnnn2,UB48_pTpa,180,233.2266,0.3727,3,0,4,106.92,46.834,27.293
O=C(O)[C@@H](N)Cc(cc1)cc(F)c1C,UB49_pmmfF,181,197.2062,1.5403,0,0,3,63.32,43.501,23.021
FC(F)(F)C(=O)NCCCC[C@H](N)C(=O)O,UB50_CF3COK,182,242.1956,0.3231,1,1,7,92.42,63.417,18.692
O=C(O)[C@@H](N)Cc(c1)ccc(c12)cccc2,UB51_NapA,183,215.2478,1.757,0,0,3,63.32,41.501,29.635
O=C(O)[C@@H](N)CCCCNC(=O)OC1CCCC1,UB52_CycK,184,258.3141,1.4747,2,1,8,101.65,49,26.168
O=C(O)[C@@H](N)CCCCNC(=O)OCc1c([N+]([O-])=O)cccc1,UB53_ONBK,185,325.3172,1.5505,2,1,10,144.79,70.501,34.072
O=C(O)[C@@H](N)Cc1ccc(cc1)OC(F)(F)F,UB54_OCF3Y,186,249.1865,2.9685,1,0,5,72.55,62.584,23.476
O=C(O)[C@@H](N)Cc1ccc(CN)cc1,UB55_NMeF,187,194.2304,-0.0455,0,0,4,89.34,39.334,24.463
O=C(O)[C@@H](N)Cc(c1)ccc(c12)cc(O)cc2,UB56_NapY,188,231.2472,1.4896,1,1,3,83.55,47.168,30.272
CC(=O)CC(=O)c1ccc(cc1)C[C@H](N)C(=O)O,UB57_pDkF,189,249.2625,0.3595,2,0,6,97.46,54.668,28.789
O=C(O)[C@@H](N)COC,UB58_OMeS,190,119.1192,-1.187,1,0,3,72.55,28,10.825
O=C(O)[C@@H](N)[C@@H](C)OC,UB59_OMeT,191,133.1457,-0.8095,1,0,3,72.55,29.833,12.66
O=C(O)[C@@H](N)c1ccc(O)cc1,UB60_norY,192,167.162,0.26,1,1,2,83.55,38.334,20.079
O=C(O)[C@@H](N)Cc(c1)ccc(c12)occ2,UB61_BzFurA,193,205.2099,0.9247,1,0,3,76.46,41.001,25.343
O=C(O)[C@@H](N)Cc(c1)ccc(c12)[nH]nn2,UB62_BzTazA,194,206.2013,0.4083,2,1,3,104.89,42.001,23.98
NC(=O)CCC[C@H](N)C(=O)O,UB63_hGln,195,160.1711,-1.208,1,1,5,106.41,38.167,15.295
O=C(O)[C@@H](N)Cc1c[nH]c(c12)c(F)cc(F)c2,UB64_F2W,196,240.2061,1.0373,0,1,3,79.11,55.335,26.304
O=C(O)[C@@H](N)Cc(cc1)ccc1C(=O)O,UB65_pCF,197,209.1986,0.453,0,0,4,100.62,49.501,23.835
O=C(O)[C@@H](N)Cc(cc1)ccc1C(C)C,UB66_pIF,198,207.2689,2.0428,0,0,4,63.32,39.167,26.782
O=C(O)[C@@H](N)Cc1ccc(cc1)OCC[N+](C)(C)C,UB67_O2QY,199,267.344,-0.3839,1,0,7,72.55,47.834,32.827
O=C(O)[C@@H](N)Cc1ccc(cc1)OCCC[N+](C)(C)C,UB68_O3QY,200,281.3706,-0.3215,1,0,8,72.55,49.334,34.662
O=C(O)[C@@H](N)Cc1ccc(cc1)OCCCC[N+](C)(C)C,UB69_O4QY,201,295.3972,0.2585,1,0,9,72.55,50.834,36.497
O=C(O)[C@@H](N)Cc1ccc(cc1)OCCCCC[N+](C)(C)C,UB70_O5QY,202,309.4238,0.7147,1,0,10,72.55,52.334,38.332
O=C(O)[C@@H](N)Cc1ccc(cc1)OCCCC(C)(C)C,UB71_O3tBuY,203,279.3746,3.0751,1,0,8,72.55,49.084,34.759
O=C(O)[C@@H](N)CSCNC(=O)OC(C)c(c1)c([N+]([O-])=O)cc(c12)OCO2,UB72_PCC3,204,387.3651,1.1936,5,1,9,188.55,79.001,37.572
